id,order_id,sku
3f8b6d6a-c77a-46eb-8eb0-48f80acb9708,2c54134f-2322-4704-9f82-e2e9b77bcb19,BEV-003
1712ad2b-cf5a-4f37-accf-7ccaaa8eba2f,2c54134f-2322-4704-9f82-e2e9b77bcb19,BEV-002
2fd44e64-3817-4c66-800e-71870a0191bc,2c54134f-2322-4704-9f82-e2e9b77bcb19,JAF-001
b1b8e879-5f01-46c2-91c8-ae3bf4d2c690,2c54134f-2322-4704-9f82-e2e9b77bcb19,JAF-005
cdf60a7b-4b58-42fe-adc9-f1eb9938379e,2c54134f-2322-4704-9f82-e2e9b77bcb19,JAF-004
cb1a4224-e393-4b19-93d3-be10a8e3ad8a,3d12eb16-1bbb-47ad-a732-bf156c322fa6,BEV-001
555777ab-2954-4369-bc0c-f43f6f18a540,af9dc4a5-ec6d-4855-8ed7-770b42d18a92,BEV-002
b53a59de-1fe5-4710-8f5c-a8e5b87db0f1,076defc6-8848-4910-b44c-e7630c0443dc,BEV-005
8dffd371-3138-47f9-b0f7-3c23ffbe1a20,aac5bf3e-373d-4949-ac09-9e440a1eb4ff,BEV-004
bbede854-48ae-48bd-9b13-9d72a2e9714e,8da1c198-0634-45a7-be99-b47d86919597,BEV-001
d4a09e8a-8a84-40c8-8430-589b7aee7130,e1f9833a-54be-4011-9780-bd474ecc5514,BEV-005
48513c96-726e-413a-8e61-1d3676ac1fce,771677c2-7d89-4d0d-a631-96d112928105,BEV-002
ddd74b18-6941-4ea5-a01f-fedbbcd1c152,9ba70a32-0e21-4638-a682-b7a0f141cdb1,BEV-004
fcaa529f-d144-44b2-ad09-04fcadc5ebcc,ddcddb38-d87a-4b58-b877-cedc2b1f0f79,BEV-001
e9d6dc21-28ed-4bb0-9613-d057b26b7838,b41d6b02-fe3f-4748-8160-86ca18c37665,BEV-004
55950dfa-f75e-4a7c-ac3c-e6a5d19c9b46,b41d6b02-fe3f-4748-8160-86ca18c37665,BEV-005
6fd3c78f-fe29-420c-b922-663727af65aa,b41d6b02-fe3f-4748-8160-86ca18c37665,BEV-003
5b371873-8f91-4c2c-ae17-a32342f238b6,b41d6b02-fe3f-4748-8160-86ca18c37665,JAF-004
0bcfcdbe-a4ec-4fab-8e57-1dec6d90b192,86ffeb44-c4fa-4498-9591-3b931189e5f6,JAF-005
046f95e1-7af5-4fee-9e73-7980f96cce1c,c2d44c7a-8db0-4a6b-a1ac-6792d8fe04b1,BEV-003
3279433d-f6a5-4d3a-b81b-457f6eb1bcfd,24d7adb9-38f2-4a7e-bfe1-1ebe1e46a182,BEV-004
314e4324-ef45-424d-9480-37f0d1dc5162,f12a614e-d915-460d-8d85-0bf2d1302779,BEV-003
6592f15d-9964-46fb-b57d-5f688c7b51af,f12a614e-d915-460d-8d85-0bf2d1302779,BEV-001
aab7eb3e-4e73-48d8-86bb-bd7db53ae2ce,20d6e427-5c3c-4899-aa5c-57bd940e8924,BEV-001
c97c040d-0342-4f51-84d7-842b6ed60a69,9ceaa3c6-a457-4170-b516-ef2284e11d21,BEV-005
0892fd7f-d0d6-45c0-9b8e-a8e222096c9d,00923884-9543-4c1e-8ed4-eb466e40e487,BEV-005
44b67be1-b506-451e-95ca-35b659a8708f,4dd1f6c1-9bff-4b62-abb5-574bac7727ac,BEV-005
20473568-6dd2-4aa9-a8b9-884c4937fe09,2f855f1f-664e-4dc7-8985-6ce0d7f7e3d4,BEV-004
ea472638-d465-4d2a-b9c0-11fe9a90b45b,2f855f1f-664e-4dc7-8985-6ce0d7f7e3d4,BEV-001
bb101eef-f9a5-4bc6-8320-a5397cda9e48,2f855f1f-664e-4dc7-8985-6ce0d7f7e3d4,JAF-004
dea60dc8-bfbd-4c15-8696-fb998a8d0fe8,b9749bd8-4618-4886-b674-3defd8f10b52,BEV-005
ae771436-440c-4553-bc62-47bf842c1214,b9749bd8-4618-4886-b674-3defd8f10b52,BEV-005
e2e07387-a724-4855-a38a-3c2d7541cf37,b9749bd8-4618-4886-b674-3defd8f10b52,JAF-001
6932825b-5809-413d-a695-6e77c67d094c,2c85385f-7559-4613-b587-dfb7c3fc6157,BEV-003
198aa294-886b-466a-ae93-9e7d5bb5933d,30ec5776-e4fe-409f-8a63-03ce441d0e9f,BEV-003
0d97fc26-93f0-4564-aebb-163e4d9f168e,791dc206-daf2-488b-8d02-be288b76f429,BEV-005
cf8c7f98-0597-4509-8460-56b91ce10c81,791dc206-daf2-488b-8d02-be288b76f429,BEV-002
6dde3d1f-ca0e-4532-ab8d-400d5eb68340,7e9de14e-2aaf-4344-a14f-2e45ac71c74a,BEV-004
f7768c46-f542-4017-9cb3-f68a4e886574,7e632566-5441-4697-b516-782fdfe4f76d,BEV-004
efa9652b-7118-40a9-b628-32beb48013cb,90d4622e-ecc7-4c5b-9e1a-0f885c5a7585,BEV-005
9f241e86-4321-48f9-b64d-737e61293bcf,9b374609-b335-4a0b-a62e-4b2656f7034f,BEV-001
2533294c-3f68-4d71-bc9b-2e94b917cd27,1d70ba85-01c4-4e1a-ab3f-6dcfbb89f038,BEV-005
43d76d6f-035c-465c-b0db-5b9be2b3f831,52901d66-baef-4c0a-8b0a-408d883575e2,BEV-004
b731261b-1a74-40a0-9eef-b9a83b0e0590,52901d66-baef-4c0a-8b0a-408d883575e2,BEV-001
4800b8b8-b214-4349-ac48-f7620b5350a5,4c8b04f6-21e2-4d2a-8cf9-79fb6b9fb219,BEV-004
9f9bf457-10ba-4d7c-980b-3da0c6f542c2,49d5d50b-a8bd-48ea-89a8-9b3a26314880,BEV-003
cf8fca52-f105-4892-a602-76bffc252cc4,49d5d50b-a8bd-48ea-89a8-9b3a26314880,BEV-003
27793e73-3f6b-48b7-81cc-581777ea6b8c,49d5d50b-a8bd-48ea-89a8-9b3a26314880,JAF-005
04e51f1e-48f7-4934-905c-0e37c5778c49,10a1b110-60f0-4ee6-ac1f-84df2d8296bd,BEV-002
bcd0c02c-1436-49fd-ace2-f721ff885004,6e13e46c-d121-4b99-80c3-c0184e29aa6f,BEV-002
66dab3bc-d460-4ab3-a865-aa599234b4a7,6e13e46c-d121-4b99-80c3-c0184e29aa6f,JAF-003
30eb8283-3212-4ae1-a2bb-faf4f470d6fb,a9c8716d-53b5-4cfe-8249-3d8a2614c035,BEV-003
ee82b8b5-3e00-4d4c-8bea-31f5446ec6b7,525ceb17-ac54-4205-84b4-22f0f0f086c7,BEV-002
017e4dc5-8a99-4cc9-97a0-3e51ad0090a3,a1d066a5-cb85-4ace-9f1d-7f195f61f1bd,BEV-005
171967dd-fb80-4698-b731-22f2256ad5ac,042a7f24-c79e-41eb-89bf-bb37ce90603a,BEV-005
113af200-78b4-4648-b451-eda6ed6b0f14,092b4453-0df9-4054-94aa-3c08d0deda7f,BEV-002
68de9199-ee72-48bb-8d1c-02847e4dd2c0,092b4453-0df9-4054-94aa-3c08d0deda7f,BEV-004
4ff456e2-cada-47a5-8fb8-96d6ac5f3ef0,092b4453-0df9-4054-94aa-3c08d0deda7f,JAF-005
c131f994-e811-4aea-842c-777aabdd46ad,a9296376-345a-4c19-9357-f2634e5e4b51,BEV-001
17fdbf77-0ab2-463a-a963-4dfa58fa1625,a9296376-345a-4c19-9357-f2634e5e4b51,JAF-003
d25e234b-71ff-4480-8e54-ba4799d874a9,d79dddb0-5075-4d80-ad28-706923567af6,BEV-002
6f179843-669f-4537-a72e-efdf82d23238,3a0a9efd-1d10-4ab9-89bf-b0b2bd8efeed,BEV-005
f6f97b0b-982d-4115-ac11-45a82da0cabb,1d3fd6c7-66ec-4b99-8a90-fa4953cddcdf,BEV-005
d808b154-86b8-4483-88ac-445c92e808fb,1d3fd6c7-66ec-4b99-8a90-fa4953cddcdf,JAF-005
35bc59d0-a61a-4b4a-8018-a84711751108,57124c61-b5eb-421f-86b2-2bab5ea56a65,BEV-005
1790455e-024a-45d2-a96b-dc1ccd66dd25,b45ffb8b-9ed5-44ad-adc2-18d46506face,BEV-004
95924f46-76fc-4dad-bb0e-58454e9ccc36,781503dd-5acd-48c8-b394-93cc7fb95678,BEV-004
76ce4fee-4d47-42be-b702-b5e165dd036b,28094733-f90c-4f95-864b-a9c90af23ed3,BEV-005
aee97324-53f0-40db-9858-e305d6639625,767b4a35-55f1-4b24-a9f7-38c8064be5be,BEV-004
9cd57109-0767-4fe5-b3e9-892e2cb28c74,b8c42c16-bd02-4694-a592-14bbfef2b841,BEV-002
5efe05b4-0bd8-4b36-a540-2cd7e31e3894,3fd459b3-d5a7-4dfd-9589-cb15217c3e10,BEV-002
a85e0fd8-1cca-4837-8391-8435354ef8ba,3fd459b3-d5a7-4dfd-9589-cb15217c3e10,JAF-005
5f0581c8-f6d8-4f6f-aff9-bab5bd9949ec,85353d8a-67c6-486f-a997-927b73113895,BEV-001
4d71ffe9-2a7b-417d-8c74-5f0b994cd5ad,66b5355a-2570-43c0-918a-9b70542abfe4,BEV-002
7154935d-08a1-4a00-9d2d-4d725d84e8cd,4d00d155-9ce5-464d-9364-353be9f9ad82,BEV-002
934f91b1-97f8-47b9-8925-a12dda73d1ec,57848009-19c9-4c1c-89f8-ba3d6987a36d,BEV-004
2210412e-59e5-4047-991b-35e36c3989a2,038a298f-d374-40cb-977e-53671d6e0745,BEV-004
0b80147c-c9ca-4163-ae6a-2ac0d003faa4,12bff4ef-1f08-456b-ba9b-5686d08efd72,BEV-003
7e701a95-4778-4b5e-8ad5-d6da300b96af,5a7b0093-31c0-452f-83b8-8bd4ec4fa4e6,BEV-003
bd65093e-ca9b-4fc0-ad21-cd8c46c44f77,ff009402-2ad6-41c6-9578-8d6c4ae4ca96,BEV-002
9f7302b0-c171-4f1c-88d6-ae929a98ccda,ff009402-2ad6-41c6-9578-8d6c4ae4ca96,BEV-002
99e5ac4c-33f6-4c40-bed1-36bdeeba4e4d,ff009402-2ad6-41c6-9578-8d6c4ae4ca96,BEV-003
73b22a55-5d3e-4941-89ba-af2dae808089,ff009402-2ad6-41c6-9578-8d6c4ae4ca96,JAF-005
e0fc09ce-8fc7-439e-9eef-1e585204281d,ff009402-2ad6-41c6-9578-8d6c4ae4ca96,JAF-002
c572827a-55fa-49cf-90ba-4386c49bac24,4b60c842-2773-40f1-8be1-93c36df2b587,BEV-003
fe394ffa-499f-42d8-bd8e-c227c45d3311,f5423882-6b38-43d8-86d5-40c06702458c,BEV-003
398aea1b-f52a-4faf-9b83-fb3cf9851b19,f5423882-6b38-43d8-86d5-40c06702458c,BEV-002
b475b75c-31ef-4d82-9fcf-3e63fcd2c93b,6ea80f28-f708-461b-b837-31f66e306a81,BEV-003
6bbc511a-a80b-40c7-a2e5-7bf614edd99b,6ea80f28-f708-461b-b837-31f66e306a81,BEV-005
de8f4ac1-a298-4abc-9676-7b89bd9df25c,603b895a-0bd7-4756-94b4-7b017b0aeba1,BEV-001
181bd412-aa92-4868-88f2-0cc38bf484a6,603b895a-0bd7-4756-94b4-7b017b0aeba1,JAF-003
a7f40798-6ec9-46b0-a06c-9e5680893217,603b895a-0bd7-4756-94b4-7b017b0aeba1,JAF-003
26020452-d0e6-4d10-b348-9eb48dea9128,603b895a-0bd7-4756-94b4-7b017b0aeba1,JAF-003
75adf51a-b10f-4316-acfd-db0a40aa1bef,529693b6-75a0-458b-ae4e-7d7f1283be30,BEV-005
cfe4d70c-3d91-4fdd-90cd-0c893fa2653f,529693b6-75a0-458b-ae4e-7d7f1283be30,JAF-005
060006c8-1c2e-4c17-9a8e-fb0f0a76a3b6,94682395-bfcf-4413-983b-ee3dd36d3c92,BEV-002
47fbc002-8734-41c5-a73d-df6293e067a5,99158efe-36b2-4871-a67d-c9edbebc13ec,BEV-001
5ae60483-8774-4883-9b3b-42ef6905e459,19f198e5-ff27-45de-997b-7458b333f1ee,BEV-004
71511f84-7207-4aa8-a5ef-ec038c1eef23,b2893a42-8402-47e0-a0c4-49c76dff21a7,BEV-002
5bdb988b-81e9-4825-b824-c4e658c66dc0,9ae06e3b-b2c6-4fe6-8530-8b5e966a52c4,BEV-003
1fc851a3-c3f0-4c97-b50d-dc394bffe62b,9ae06e3b-b2c6-4fe6-8530-8b5e966a52c4,BEV-004
5b7eb7db-68bb-4012-87d0-1d0b30965fa6,9ae06e3b-b2c6-4fe6-8530-8b5e966a52c4,JAF-004
3ad3ba0d-0336-4856-95c3-fce9364becb6,9ae06e3b-b2c6-4fe6-8530-8b5e966a52c4,JAF-003
0565c3a6-3ff5-43d1-8ae0-3e12e000f27a,34c523b7-8575-4a6a-8177-61b7e151024f,BEV-001
30e4498d-a1d3-48bc-80c2-1c498d79547e,38f566b2-5691-440f-bdc9-bf7da5cc3753,BEV-004
2052cefc-c26b-4774-b84c-ba99736c41bc,0c40e986-e343-4ee5-83dd-d268fa95fe4b,BEV-002
84565e6a-e49a-4c2b-ab9b-3540f9af2636,e25b685e-d266-4689-9ee5-ecb8896d4a45,BEV-001
5986b32a-5706-4d60-b6ee-0f9f7f391006,e25b685e-d266-4689-9ee5-ecb8896d4a45,JAF-003
bf9849c7-ff33-4752-b6d1-f9dfe7253bd7,78cabcc3-08d7-48bb-b064-936bfa80fb6c,BEV-005
9136d6b4-8d56-4091-9210-5a573958c343,78cabcc3-08d7-48bb-b064-936bfa80fb6c,BEV-001
61e67d54-a8ff-4236-871a-13e6ff01c30a,78cabcc3-08d7-48bb-b064-936bfa80fb6c,JAF-005
0038d3df-361d-4d6f-92e5-345a0692fade,78cabcc3-08d7-48bb-b064-936bfa80fb6c,JAF-004
8938a925-8c66-4f07-a685-d8e27f4251f4,357cbd18-e052-4457-a96b-9409e1e9b367,BEV-001
41b340af-b9b7-4720-bca8-c158605c3173,c0fd3a7c-440b-44e2-91c3-84b63f818b7c,BEV-005
cd89c75b-95f2-4a00-a66f-f20b6b29299b,bbb19a61-563d-43b1-a017-749369d3daac,BEV-003
f1558116-966f-474d-a93f-71e8ac20575d,9b3acf39-58d9-4332-8fd2-40e9bb6ea582,BEV-002
e2193c07-e8cf-42c4-b277-4a4faca45f23,ada68063-6c6a-4ba7-a911-47dd5b4664bc,BEV-005
7a071e14-cc50-4ff1-a432-225eab5e1383,7b3617cf-4c94-4c82-93d5-cab59ee21c0d,BEV-003
3b9f347b-6dbc-448e-ad11-22593262853c,7b3617cf-4c94-4c82-93d5-cab59ee21c0d,JAF-001
b1dd5b39-f6ab-44c1-a8c1-7117e9be0dc0,7b3617cf-4c94-4c82-93d5-cab59ee21c0d,JAF-004
29bcc05a-b844-4f4e-a5ca-6f5668615255,56e69826-b55b-4cd1-b418-69717a88e101,BEV-002
c5bdc401-2175-4870-94a8-0b444612653f,6a373cab-6fb6-4d90-8a7f-639d20a0008c,BEV-001
8efa6d99-514a-4712-8cec-256916aac5c7,96eef7cd-7682-4205-881b-e802f6b24d51,BEV-003
3f105d68-354a-48ea-9f4a-0bb75cc47b82,96eef7cd-7682-4205-881b-e802f6b24d51,BEV-003
ae376a1d-ba00-4a65-b7ac-0ef278857e2e,96eef7cd-7682-4205-881b-e802f6b24d51,JAF-001
5b83c43a-b57e-4946-a47a-4f7e32d4f9d6,8677dbde-b8b5-4992-9f91-7bc01657625e,BEV-005
f620e153-8256-46f8-b797-5613b5d7318e,8677dbde-b8b5-4992-9f91-7bc01657625e,BEV-001
7cd3a8e2-6185-4529-abe4-7102f0a342ca,8677dbde-b8b5-4992-9f91-7bc01657625e,JAF-004
c2d8fcf6-3ac3-4f9b-9801-643b5b646afc,c5050f06-ed3b-4ec8-a4e2-fa0adc907b2f,JAF-003
22a487f3-6a13-4b42-b86d-084250ba8de9,c5050f06-ed3b-4ec8-a4e2-fa0adc907b2f,JAF-001
3b5fec3e-ccfa-464b-a7e9-367aa71a5cb3,c5050f06-ed3b-4ec8-a4e2-fa0adc907b2f,JAF-005
000fc90f-4579-4aae-985d-4fa41b382fcd,f470c9b1-e7db-4bae-a531-a628ff94a705,BEV-001
9c57ca38-f13c-400a-b6f0-22e56d22bfa8,108ca038-e2f5-4c38-82f1-0445ae7a6cef,BEV-003
dc04c105-87c0-44f8-a01d-7c915d675700,80658502-524a-4052-986c-a86822ba2ef5,BEV-003
bff97ce9-6c46-4441-9e2c-b6b88dd48f62,80658502-524a-4052-986c-a86822ba2ef5,BEV-003
a18b2b46-413d-441a-9d5d-a3b9a9d9f660,80658502-524a-4052-986c-a86822ba2ef5,BEV-005
51a13124-ecdd-494c-a972-4bbce194ea44,4466aff2-c7ae-450b-b1ab-3c541b0dce04,BEV-005
0a722fbe-a9e4-4435-9ea3-4d249ce95e55,9be286a3-cc92-4869-9181-83ef526cfec1,BEV-001
0d406904-d084-4f74-803f-a5837af0e383,3a18e495-b54c-40d3-a73c-143cbdc89f10,BEV-003
cdebecff-9ac9-4f5b-9150-e1c5b47a587d,3430a841-943f-47b7-bdd7-6288af298254,BEV-001
1e1ae56b-9766-408a-a94f-ca1af1fb1138,7fde05ce-da1a-4537-8ba0-b836dff6041b,BEV-001
4643162e-1d28-4d5c-b92b-f50fe4644b5e,7fde05ce-da1a-4537-8ba0-b836dff6041b,BEV-004
9c1ccc51-705c-4aac-b0da-5681a417c7c6,7fde05ce-da1a-4537-8ba0-b836dff6041b,JAF-004
51a8a8e3-e4d5-4407-8136-9da6532b1e44,7fde05ce-da1a-4537-8ba0-b836dff6041b,JAF-003
1f2169a6-f308-4ccd-9319-f6cd88ff333f,a97a740d-e333-45dc-a617-0d2f29dc1d0e,BEV-004
e0b9ff3a-492f-41e6-a8d7-a8a2d32fa054,dcde86ac-fb55-4114-aee5-245705baca16,BEV-003
97a08494-5e90-4526-967b-8ed390b981c8,a1d9f083-510a-474e-bf7d-4302310a7188,BEV-003
b3728299-169c-4fef-a0e4-8b40f0f8852c,1640ec54-2580-4bae-bf3b-0399bf1f46c3,BEV-005
1398c464-88d7-4874-a30b-5bed6a553990,1640ec54-2580-4bae-bf3b-0399bf1f46c3,BEV-002
2841b6b0-cfdd-4fb1-b6ae-d434819a0f40,1640ec54-2580-4bae-bf3b-0399bf1f46c3,BEV-003
15cdd1cd-c5db-4392-bbdc-d073b9e29efe,1640ec54-2580-4bae-bf3b-0399bf1f46c3,BEV-001
bb9cfcf7-c955-4489-a7e0-3960666cc354,1640ec54-2580-4bae-bf3b-0399bf1f46c3,JAF-003
2900fedc-d754-43e9-a976-863532b9d484,1640ec54-2580-4bae-bf3b-0399bf1f46c3,JAF-002
8839b2f3-cc42-4be9-9f05-f9d4e4f104fa,1640ec54-2580-4bae-bf3b-0399bf1f46c3,JAF-005
e9ccc78a-a98b-4f7d-b2b8-54bba7d66f75,1640ec54-2580-4bae-bf3b-0399bf1f46c3,JAF-005
14e0c5da-5b8f-4982-ba3b-38fd0a0da2ad,c42fe359-055e-4208-80d8-04b5f6ed1ea0,BEV-005
0b109691-d1ac-4f04-b77c-fa511dab2f6a,e21313b1-1736-4985-a05d-51aefda3fcbe,BEV-003
ee47cc97-13d6-43cb-995e-66dffb611aa1,e21313b1-1736-4985-a05d-51aefda3fcbe,JAF-003
748180f8-af02-41fe-a2b2-2e8a3d7031aa,e21313b1-1736-4985-a05d-51aefda3fcbe,JAF-001
8ff81ae5-c85c-42e8-9a4c-b2f6043f4a9c,af47ffd9-9231-497f-b547-a1ef8fe03844,BEV-003
99cb4954-7222-4797-bfd1-836fc73084f6,af47ffd9-9231-497f-b547-a1ef8fe03844,BEV-001
c56ff54f-5d77-461a-a757-5997c3fd0016,af47ffd9-9231-497f-b547-a1ef8fe03844,BEV-001
208bf5c4-f640-4f28-8d5c-79d33adae3be,af47ffd9-9231-497f-b547-a1ef8fe03844,JAF-002
bfb854dc-ad08-497c-abb1-27a9c1973cf4,af47ffd9-9231-497f-b547-a1ef8fe03844,JAF-004
76cfd845-e9f4-48d5-83e9-0f39884c691c,af47ffd9-9231-497f-b547-a1ef8fe03844,JAF-002
ef20b03a-9ad6-480b-b1d0-b1cb70f18572,b7aab71a-1c46-45d1-898d-fda29e45a62e,BEV-001
8a4305b1-8ab3-451b-9f80-fc0d85f5d135,54935c50-7975-422d-be60-db78d5dbc3a1,BEV-004
d4b92d1a-55ad-42e0-99ee-aa7355b7d84f,54935c50-7975-422d-be60-db78d5dbc3a1,BEV-004
787de080-a17e-4d3a-a6ab-b398cae766ba,d764cce3-0bfa-45b5-a1e0-e1e6398bcf2d,BEV-003
4a106fcb-1a45-46a3-92bc-cba81a04dac8,d764cce3-0bfa-45b5-a1e0-e1e6398bcf2d,JAF-003
82066ebb-56de-4443-bc4d-f15169e1f009,d764cce3-0bfa-45b5-a1e0-e1e6398bcf2d,JAF-001
66c39506-2888-442c-834a-60e82db987b4,231aa046-77c9-46a2-ab14-cf72eecce863,BEV-004
1eefbfe1-553e-4018-a336-9f793d720f52,231aa046-77c9-46a2-ab14-cf72eecce863,BEV-005
9cea96cd-2b23-4d93-a132-dc07d346b0a0,231aa046-77c9-46a2-ab14-cf72eecce863,JAF-004
9c635380-0305-47b5-a426-9b61e45c7592,231aa046-77c9-46a2-ab14-cf72eecce863,JAF-004
7804a001-11df-4f47-af9a-d892b10c7a01,6f3b7cba-f96b-43bb-bd7c-3d6066684c93,BEV-004
06a3e01e-616f-4d35-bfa1-104e080be447,6f3b7cba-f96b-43bb-bd7c-3d6066684c93,BEV-003
f30d7357-4411-4cb0-8f9f-5964a929a99d,6f3b7cba-f96b-43bb-bd7c-3d6066684c93,BEV-005
f8ee17b4-56ae-4f77-a29a-0d0b5b38d4b2,6f3b7cba-f96b-43bb-bd7c-3d6066684c93,BEV-005
1bb9541f-08d2-4610-a7cb-0648343693c4,6f3b7cba-f96b-43bb-bd7c-3d6066684c93,JAF-002
99b15769-4f47-4cc6-ad9e-d7d541b1462d,6f3b7cba-f96b-43bb-bd7c-3d6066684c93,JAF-003
7e16dcbc-1ebf-468b-a196-36e97866c237,6f3b7cba-f96b-43bb-bd7c-3d6066684c93,JAF-003
3624cb2b-158c-4ade-9c4a-42bfa5c15b36,6f3b7cba-f96b-43bb-bd7c-3d6066684c93,JAF-001
3da49827-6c49-4099-af25-b672d05f03d6,4ca409ce-7856-42fa-a520-4c1e7541de0d,BEV-001
07eb3208-57e4-444e-809a-5358f4d3ca16,4ca409ce-7856-42fa-a520-4c1e7541de0d,BEV-003
2c5098e6-e1e2-465f-83d1-3ccfe00d94dd,4ca409ce-7856-42fa-a520-4c1e7541de0d,BEV-005
3430ba7b-fb5a-4ecd-b6e4-f406b0144ae5,4ca409ce-7856-42fa-a520-4c1e7541de0d,BEV-005
82b35744-fa7c-4470-8208-064e5573aa5a,4ca409ce-7856-42fa-a520-4c1e7541de0d,BEV-003
d339c118-f675-4b23-a051-d4281176fcaf,4ca409ce-7856-42fa-a520-4c1e7541de0d,JAF-005
9d2fb8e5-cfee-493a-963f-2bd04ad8d2d7,4ca409ce-7856-42fa-a520-4c1e7541de0d,JAF-005
78a26bf2-8b93-4602-ac71-8609c2c4dcd5,4ca409ce-7856-42fa-a520-4c1e7541de0d,JAF-002
9690cd9f-0167-41d8-86f2-dfa9f3236189,4ca409ce-7856-42fa-a520-4c1e7541de0d,JAF-004
014ff847-9262-4a6d-9550-775d0510a06b,4ca409ce-7856-42fa-a520-4c1e7541de0d,JAF-001
f52700bc-f687-478b-9398-7daae7797869,dbed80a8-3d04-44e4-b1cb-c919a5874985,BEV-003
81ff4b01-bb04-4f67-88fb-e0188a832fc8,dbed80a8-3d04-44e4-b1cb-c919a5874985,JAF-004
cb1d58af-04de-42e1-9e17-667d8e6bb70f,92059542-f398-490d-a893-b5effac5a77a,BEV-002
8bff8baf-5cf3-4b15-adb6-3d53f06910e2,92059542-f398-490d-a893-b5effac5a77a,JAF-005
53efb878-4afc-4d4e-824f-1d46a9ec795c,43b8a915-c26a-4830-aa68-0c288e525bd4,BEV-002
235f8674-854e-4d3c-9ae4-987867ea59cb,43b8a915-c26a-4830-aa68-0c288e525bd4,JAF-002
c7605eae-8e95-4ad5-bda7-324341dbeffd,ab9442f9-fb79-4018-866b-ff7b7db1bb02,BEV-002
7aa2e05a-b5d3-4545-8c6e-2569286fd825,ab9442f9-fb79-4018-866b-ff7b7db1bb02,BEV-002
5429f222-6dbd-4f29-8f09-e6dedef676e8,ab9442f9-fb79-4018-866b-ff7b7db1bb02,JAF-004
586cda69-ac67-4126-9f95-9f872acf5d3d,242b6403-605d-47cc-9fb8-21f26f77d140,BEV-001
a93a2625-a76a-4202-8895-96adccb1957d,242b6403-605d-47cc-9fb8-21f26f77d140,BEV-003
5d59ab98-e323-47e1-a8c1-85593466c0dd,242b6403-605d-47cc-9fb8-21f26f77d140,BEV-004
cf7e26a7-2b50-4b3e-aa69-939b189b11f7,242b6403-605d-47cc-9fb8-21f26f77d140,JAF-004
022c729c-232e-42c0-a330-cab952832e37,242b6403-605d-47cc-9fb8-21f26f77d140,JAF-005
50fdf6b6-e2ef-4198-a55f-7586d5f7190b,242b6403-605d-47cc-9fb8-21f26f77d140,JAF-001
578dd495-8ff6-45fe-bd58-923130586433,5e0179b5-3a8e-49ee-8759-ce9e4f0fccfa,BEV-003
685000f1-40ce-416c-9d67-1c7cf0d0ea7e,5e0179b5-3a8e-49ee-8759-ce9e4f0fccfa,JAF-005
d879bbfa-1344-458a-96ef-411965219744,5e0179b5-3a8e-49ee-8759-ce9e4f0fccfa,JAF-005
21be2e08-4e71-4b14-a5f4-e908477e8344,7d062952-fdb9-4587-877e-446f96217e59,BEV-001
f78a9ed5-0e0d-438b-b349-e9a1711fb708,7d062952-fdb9-4587-877e-446f96217e59,BEV-005
49b850df-a394-4e7f-8735-3c09de1ae56b,7d062952-fdb9-4587-877e-446f96217e59,BEV-004
fe802c3b-ace1-4a9c-b896-eaeffd6c364c,7d062952-fdb9-4587-877e-446f96217e59,BEV-002
aecfd715-dc1f-41ed-b71a-fa872adba273,7d062952-fdb9-4587-877e-446f96217e59,JAF-005
c2ba25f4-3118-4f97-af80-77ab331e862d,7d062952-fdb9-4587-877e-446f96217e59,JAF-002
d9f15037-f8ae-4267-bddb-89fe85d2e6a4,7d062952-fdb9-4587-877e-446f96217e59,JAF-005
34e15d09-560d-485e-9399-74f9ecb7af96,7d062952-fdb9-4587-877e-446f96217e59,JAF-004
be275075-bc51-4815-9955-f764ab83a93b,914c5de8-7ee9-4e01-aa0c-bc749c0acaf2,BEV-005
9ac9e6c4-095c-4358-b27b-7e089251bbe6,914c5de8-7ee9-4e01-aa0c-bc749c0acaf2,BEV-003
96bb7a05-b40d-44f5-86ed-5c88523f2424,914c5de8-7ee9-4e01-aa0c-bc749c0acaf2,JAF-002
f04a7822-8460-4d5b-9759-4c78593adc96,914c5de8-7ee9-4e01-aa0c-bc749c0acaf2,JAF-001
96a3e193-3add-411f-808e-0eb68f7c528d,54b280c4-f733-45d1-9d1e-2dd0fc71fb7b,JAF-005
3613f3c7-2f5c-4ad4-a62f-943342813eba,e5bb53b5-cb31-45b7-adf6-7dc06f4f796b,BEV-005
c55ae259-bc6a-4296-abb4-653eb999bc6c,e5bb53b5-cb31-45b7-adf6-7dc06f4f796b,BEV-002
0ea55aeb-e2b5-4c74-9fb0-be256e58cb08,e5bb53b5-cb31-45b7-adf6-7dc06f4f796b,BEV-005
339b6fc9-e912-49a9-8269-075d2b3781e3,e5bb53b5-cb31-45b7-adf6-7dc06f4f796b,BEV-002
aec615f6-3d7f-43f7-a1c1-e159f6de776e,e5bb53b5-cb31-45b7-adf6-7dc06f4f796b,JAF-003
591adbe9-4264-4e19-8155-5f16fc3bd74a,e5bb53b5-cb31-45b7-adf6-7dc06f4f796b,JAF-003
c1732708-2430-4dfa-94c5-bb8eeaffad2f,e5bb53b5-cb31-45b7-adf6-7dc06f4f796b,JAF-005
055afdeb-c31e-498d-830f-02881c9751ed,e5bb53b5-cb31-45b7-adf6-7dc06f4f796b,JAF-002
d86346d0-bff3-4975-b706-569d9644589b,f2884622-f0d0-4169-b562-9af89d893b4e,BEV-005
4af3245b-44a2-46cb-b166-0e65d10f418e,382678e9-9d13-412f-883d-f1fabc05a5a2,BEV-001
2c8622a6-1a5b-4e5f-9f54-99eaf546378b,382678e9-9d13-412f-883d-f1fabc05a5a2,JAF-001
24890924-88e1-48e5-a4a8-94a963490d2d,382678e9-9d13-412f-883d-f1fabc05a5a2,JAF-005
7dfc8c37-c150-44cb-a6ab-0141afe4dc1c,6cc07f6d-dcaf-449c-8de2-13bbb3dd82aa,JAF-002
0fef055e-6238-42c8-855e-c78436375b6a,6cc07f6d-dcaf-449c-8de2-13bbb3dd82aa,JAF-005
b02706f5-654a-45fc-9f56-236c3fa8a12a,6cc07f6d-dcaf-449c-8de2-13bbb3dd82aa,JAF-001
3a28b496-26cf-4b61-82c5-76c9018120cf,3a2a77f2-daca-4fdc-ab88-88064e2c0a3e,BEV-005
e982dff3-539d-4cf9-bb41-f451a57ee1a3,3a2a77f2-daca-4fdc-ab88-88064e2c0a3e,BEV-003
e7d656ee-f1a8-4640-b50a-e2d4a08fad22,3a2a77f2-daca-4fdc-ab88-88064e2c0a3e,BEV-003
8238d6d7-c97f-443f-9bfc-61c39c2277e5,3a2a77f2-daca-4fdc-ab88-88064e2c0a3e,BEV-001
2080aba2-d088-4b8f-9e03-7afa5bfe9f54,3a2a77f2-daca-4fdc-ab88-88064e2c0a3e,JAF-003
f8ef93aa-58cd-424d-a1c1-7b3d29139210,3a2a77f2-daca-4fdc-ab88-88064e2c0a3e,JAF-001
231854aa-31f5-4fe6-a053-3666d28a0488,3a2a77f2-daca-4fdc-ab88-88064e2c0a3e,JAF-002
171420d3-2f00-40af-9dbb-cbefb0e6d9e0,3a2a77f2-daca-4fdc-ab88-88064e2c0a3e,JAF-002
b8840414-f038-458a-8a7a-6178b5019868,63a4b9b1-a87e-4d03-be8c-5fa3f0948a6f,BEV-002
b21b0141-6814-4944-9b28-d5323ad4ab96,63a4b9b1-a87e-4d03-be8c-5fa3f0948a6f,BEV-004
67d694c4-c2dd-4928-b175-05c7ffd9e2c4,63a4b9b1-a87e-4d03-be8c-5fa3f0948a6f,BEV-002
d63a0336-5979-4d5c-81fc-9242bdd4545c,63a4b9b1-a87e-4d03-be8c-5fa3f0948a6f,JAF-002
f88445a0-59c9-46c6-8e4b-a09c9bfb3348,6a97910d-9b46-4e73-bab6-a1432c9e5771,BEV-004
7ad05138-60c3-4f6f-b16a-e0cab399294f,6a97910d-9b46-4e73-bab6-a1432c9e5771,JAF-002
4def3f81-3025-4168-a4b4-5dc238cec6bd,412ad670-dff1-4a94-9335-71788442a928,BEV-002
92b5b611-5e35-4971-a555-68849c917c38,412ad670-dff1-4a94-9335-71788442a928,JAF-001
270d7a78-7541-4fbc-8726-1a04d85fcd36,b9524efb-398d-43fc-9ddf-978d9305c267,BEV-005
fe3a73d2-7c52-4dd6-9515-a051cb1759ad,49b6b20e-72cc-4de1-b4d0-4b3e09fe52e4,BEV-005
3bd8c14e-b09e-4a4d-aaec-913314222f8c,49b6b20e-72cc-4de1-b4d0-4b3e09fe52e4,BEV-001
900a2823-9736-4d6b-903b-0f6f5722e075,3f5c8eb3-54b4-4c64-ba47-26120f147b13,BEV-004
daa9d477-2c83-4162-928a-2e0555639e68,a1ad9022-dc0b-4f63-b27e-5c8cce768a73,BEV-001
6d8bad7d-159f-44d2-b9d6-46c144bccdc8,06c06573-060b-4c50-9a29-58afc5017b6b,BEV-005
372ea972-2277-42bc-a555-270e4d2121c5,09361ded-8087-4b3e-9ac6-0aac66499c03,BEV-005
fb87746d-cc45-4b25-9d75-8c5835388d7b,fc1c071a-20f5-406d-a474-86141087d55c,BEV-001
39f488bc-a620-4a2b-99b3-ddb1d68a6bbb,fc1c071a-20f5-406d-a474-86141087d55c,BEV-002
408da36e-67e3-4b36-ab3d-ec712beeaf37,fc1c071a-20f5-406d-a474-86141087d55c,JAF-003
6777e26d-b5d2-4cb3-8745-d3635c57fce0,fc1c071a-20f5-406d-a474-86141087d55c,JAF-002
d70c3500-fb35-456d-80a4-4ea1cecb7a31,470a4403-d23c-4afa-83d5-87f291762758,BEV-002
58004739-05e1-4d3b-b927-f503f53af4af,28bf809a-7b3b-4272-8836-12a8a858ae10,BEV-001
c43110d8-cdc1-4520-8ccb-a355a9e11d32,28bf809a-7b3b-4272-8836-12a8a858ae10,BEV-004
6fe5bbaf-89e8-4f5b-b578-e66503a7e6d5,28bf809a-7b3b-4272-8836-12a8a858ae10,JAF-003
c31a7832-931b-465a-96b9-462d02a374cf,28bf809a-7b3b-4272-8836-12a8a858ae10,JAF-001
34234281-5352-4278-a10a-3301eff1dfb3,e3ab82d0-c791-4172-a157-d5140078d962,BEV-005
a2dcf5e8-e2f2-493f-b908-8c38627492b1,e3ab82d0-c791-4172-a157-d5140078d962,BEV-005
73204265-0f6d-4beb-88d4-fecb498b6ee5,e3ab82d0-c791-4172-a157-d5140078d962,JAF-002
af3b0ce3-563c-4d7b-a0b6-29d9ba52aaad,e670cd84-3fed-4931-bbdb-42a3d2789323,BEV-003
5c3839a9-d1b3-411a-9e5e-e5402ed409f4,e670cd84-3fed-4931-bbdb-42a3d2789323,BEV-004
cdb8ef0c-629c-4f22-89ad-dd42fc648701,e670cd84-3fed-4931-bbdb-42a3d2789323,BEV-003
83cae141-5415-4c98-9295-39f5aa9fdac0,66e28fb8-41aa-41ae-b998-697bc5a7c384,BEV-003
59eb86cc-d4b2-47df-874e-f623f95021df,77a2d8d0-61b4-4c1d-bd91-be67fccded76,BEV-004
52aba2ce-44f5-4a07-95d8-4d8403bcec79,4a431049-31a6-4737-a913-6f353049657b,BEV-001
b220e5f1-6de2-4487-aa99-678351fbc015,ff826aa0-6067-427d-ae60-46ca200acac1,BEV-004
edfb0c74-f885-494b-8176-8961d464161f,ff826aa0-6067-427d-ae60-46ca200acac1,JAF-002
2d2ae8ec-dee1-4815-b2e4-1352f912dbde,ff826aa0-6067-427d-ae60-46ca200acac1,JAF-004
340f3ad7-1593-4c63-87bc-59ee6d294d4c,97db9276-7c1b-466c-8182-6225d66520ff,BEV-001
a9e07eff-62c6-4f38-a9d2-262424ac6c6d,f0435014-ed2e-41e5-a7aa-0dc48ca05286,BEV-001
31c9bee4-5e96-4ac5-9d5d-c19a4ba54299,f0435014-ed2e-41e5-a7aa-0dc48ca05286,JAF-003
fa082de8-ed6c-43c2-a656-6f84da533fd5,ddebdf82-725d-4bb1-b1a6-d971fa946497,BEV-004
0411f749-b80a-432a-8fce-e0b0652165d6,ddebdf82-725d-4bb1-b1a6-d971fa946497,BEV-005
8e6f5420-7232-4fbc-89c4-fc71c91346d3,07aee7a5-1bf3-492c-9f59-1562042fa564,BEV-001
da23a9ce-1da1-4ef7-8978-91c10fad7c84,dadf868e-5f8e-40cc-b0b4-9c7c6383d405,BEV-003
f89f236a-7d78-4579-9882-757afbd9dffc,5eb9a134-c075-4016-99db-b88ba8fcef18,BEV-002
9d7b6c94-e7ad-45bd-a8ac-d815f1536f0d,5eb9a134-c075-4016-99db-b88ba8fcef18,BEV-005
8b94d0ac-c5ae-40da-8e26-dd581570cb66,5eb9a134-c075-4016-99db-b88ba8fcef18,JAF-005
05ac7bad-a502-46df-95a4-2cafa206beea,b92a6fde-eeab-4879-a468-8f552996f4b7,BEV-004
6522edeb-63f0-4510-884b-b7b161f04ae6,b92a6fde-eeab-4879-a468-8f552996f4b7,JAF-003
a06f3651-471a-4b9d-b0b3-fe263b61f08d,94d3fde1-8f22-436d-bd26-6dffe0ac2391,BEV-004
3625ea45-7db0-4a36-9e20-52ff21f0297a,7f37bb11-7447-440e-98ab-4e55a2db67bd,BEV-004
7b0d5828-05df-430c-bc8c-7b01f1f6cf24,22fc7833-85b9-42a9-b3cc-91f6b0c3ee9e,BEV-004
f9499356-dfe7-4601-b06e-2c664c446ade,22fc7833-85b9-42a9-b3cc-91f6b0c3ee9e,BEV-004
6ce9d074-f881-4534-98d0-e9925bb3f7b9,5c975ad5-3764-4923-a820-f2de184645e2,JAF-003
023607e6-13ad-4a57-a8d4-36c64a44fc2d,3b49414a-e1bd-4600-849a-19b9825958ee,BEV-001
4d4b72bb-f171-472c-852e-376799034a7d,3464fff3-22a9-4b73-9be7-a44fd4670429,BEV-002
472e3c88-5354-4985-9493-117373890bb1,51c887f2-e023-4c8d-ae53-45dd8909b5dd,BEV-005
b706245e-fce5-4a4d-a5da-9c8ef16eb7ea,1757c7a8-a012-4b6c-a414-c6822ddb2ae2,BEV-005
1c5cda5e-9581-472b-845e-048ba68528fb,1757c7a8-a012-4b6c-a414-c6822ddb2ae2,BEV-004
ff8521be-6136-4825-9d4f-58c56fb2e204,1757c7a8-a012-4b6c-a414-c6822ddb2ae2,JAF-003
2f2da626-15c9-442c-b775-7152f790e6e9,ac18e321-fcf7-4d15-ad73-e1f3bac4e77a,JAF-004
0a95c641-3b73-431e-82a3-0bc90a0a832d,ac18e321-fcf7-4d15-ad73-e1f3bac4e77a,JAF-003
ac5ad25c-ac9c-4667-8ef0-6d9db26f376a,ac18e321-fcf7-4d15-ad73-e1f3bac4e77a,JAF-002
3d8f3dff-8571-436f-9900-00cdee38496d,8218e490-6d86-4706-9088-40d285f991a0,BEV-003
12722908-df34-440a-9cff-62b0e05de236,78555696-c04b-4ea1-9346-3de87e05940c,BEV-002
3113cb56-29cf-4ede-8715-bb1a81ac478d,78555696-c04b-4ea1-9346-3de87e05940c,JAF-002
8476b67d-9a83-4792-af59-6d44651291b4,83df8483-42bc-4fae-8133-684e6d4fa7b1,BEV-002
9e67fd5d-a0a2-4333-a200-94ef91757c25,4de66e9b-b55d-4f0f-b9e6-50ad37f01f3a,BEV-001
48b67d83-ec34-4adc-bdb3-169e6055b3d3,fcc11b8a-82da-4d4f-80cc-109c0d719d26,BEV-004
cf369d12-e412-46c7-9603-65c3f46f94be,fcc11b8a-82da-4d4f-80cc-109c0d719d26,BEV-005
6859c2d8-b55c-4e76-a5bf-c342d54554f3,fcc11b8a-82da-4d4f-80cc-109c0d719d26,BEV-002
e9adbbd3-25df-4106-8d4d-905bb92d7b28,4b885abd-eb5f-45d2-98ba-e292b6f64973,BEV-001
e15f9f50-ed32-4b56-a053-2de637783741,9d30691f-9536-4f61-84e0-0f8821a1b176,BEV-003
57b1eaf2-099a-4676-9ebd-af544f28f876,800f744c-6dae-44a2-9a1a-d6a063f84d56,BEV-004
2ea3c02b-cabf-40a6-a1e1-776424564d03,61a30b79-88dd-493f-8487-b99f5a5ce93e,BEV-002
d3cf0aab-3e04-4559-bb8b-dd537f205a24,3017bce1-2a50-4857-a68a-2d9d22255ef8,BEV-001
3a329671-447f-4046-9f2e-94f8b6f0bfee,9c49b0cd-663c-47c8-a8b0-731a8c264308,BEV-002
e68eb107-20ed-4f38-8a3e-125ffe6bd459,595d725e-b2d3-4490-82df-be3217856575,BEV-003
f10373af-86b9-4cf2-8704-44d0b623a043,595d725e-b2d3-4490-82df-be3217856575,JAF-002
fe6e216a-dce3-42ca-ac26-15f6402b96cf,9282a4ea-c11b-4b81-9dd5-585dbb79f9d5,BEV-004
f95f8707-feaa-47a9-bf4b-4eae73e93ced,cbd0e74c-201f-4292-98a5-a0405073213f,BEV-003
89b4b543-141e-4bc4-9271-cb765a19f0f0,a4e05fef-6ff4-4cff-8165-74a5a49e1969,BEV-003
73b4acc0-57ed-4b1a-9183-9ef66ba13c87,76550602-1b4a-4fc3-9f86-5dfb2dc3795e,BEV-004
a23f63ea-ce34-48ef-b760-d9a5b9fb9698,76550602-1b4a-4fc3-9f86-5dfb2dc3795e,BEV-001
74bc25d3-0090-4888-95d6-3c023d2f575d,df3648c9-a21a-4fe8-b989-0bdf9798eb60,BEV-003
530fdef0-7657-4a56-af7c-80f0717a068d,a9552e9a-e87d-445c-afa8-880a382a9851,BEV-003
96da2e40-c9c8-49ff-896d-72ab74eb2ab9,623d8bdf-99ba-4d9b-ac1e-747ebe90082c,BEV-001
a1d07978-e0c8-4a8a-97f1-fc6bc4637071,8cd6a923-1c93-4799-91cf-a2309a4b07df,BEV-002
cc8e215b-7c6c-41cd-b86a-c6576e9e3be7,8cd6a923-1c93-4799-91cf-a2309a4b07df,BEV-003
4c935299-74f4-4d51-a4a8-e59354f19e0c,c2b752fb-0787-4aa0-8f91-ea8bc0153ed9,BEV-005
93a858d3-0609-401e-9b3b-ccbc0e99fea0,79ad70d8-2f5f-4981-9b1c-9f5f58396343,BEV-003
a808f3f5-04e7-408a-a6c5-2fa08669f6bc,79ad70d8-2f5f-4981-9b1c-9f5f58396343,JAF-005
93d29176-a7d2-4a7b-9858-6125a1e536fe,d8e4c54a-4943-4060-ab9a-0537a8642943,BEV-004
21d0b28d-113c-4911-9d41-738802b3e9f4,f97fc3f0-42a9-4210-aecd-128fa9a3f773,BEV-003
db6e476c-08bc-4e25-a6a1-ed4f07177355,db887ada-1674-45e8-8df2-9c7613165f94,BEV-002
5b19ea48-0aae-4550-a379-72b9bd379af6,db887ada-1674-45e8-8df2-9c7613165f94,BEV-003
d4e48d76-1ce8-4a57-a28c-3b8905255272,03c2c1fb-9407-44a9-a93f-ee75855735a1,BEV-003
31d3e2e2-17fe-4fb8-b7d7-d44f4901605c,63f81999-dd48-44c8-96db-5fb6b0a1bdc8,BEV-004
7ad42ea7-8b74-4c37-b4b8-c04acdd3475b,40bdb3fb-506f-463b-9b05-048fe4cf288c,BEV-005
3e2f97f7-9bb7-4750-971c-0abbbee7e18c,13a9491e-e8bd-4b8b-887e-726bd5ecd868,BEV-005
ebdc110d-3f99-4c53-8324-e58e2f10f917,13a9491e-e8bd-4b8b-887e-726bd5ecd868,BEV-005
4713de57-7559-414d-811b-60929858301d,13a9491e-e8bd-4b8b-887e-726bd5ecd868,JAF-001
2d06041c-b831-4859-8c9f-f26438ad5080,5cdcfa45-3a2b-4fb8-a9bb-2fdcfb4c6619,BEV-003
e518afd1-74e9-4ec7-bd5a-a5fbde436f1e,dd584e49-f562-4720-bd61-98dc05e20287,BEV-001
51eff2f8-f60c-41ca-adf9-f7335a19a343,542ed7aa-c2e7-4a44-91b8-f5b1ac832e08,BEV-005
c93d7d66-3daf-4586-a775-7f17e4700dfc,542ed7aa-c2e7-4a44-91b8-f5b1ac832e08,BEV-002
5ba1f576-fb8b-4f73-98ca-f7ef5203dc41,542ed7aa-c2e7-4a44-91b8-f5b1ac832e08,JAF-002
7ca1b0d2-8d96-4929-9e1a-43acd6990482,542ed7aa-c2e7-4a44-91b8-f5b1ac832e08,JAF-002
1d426a1d-b9d5-40f9-8d84-2bcb54ddbe66,d21b258c-0769-45a0-ae95-4a60d4d90293,BEV-005
63bc577a-4283-456c-9e87-8e6f0d91ab5e,73fc2041-b6c6-40cb-bbe4-c15fc4ece3cb,BEV-002
f8299929-4256-4158-8992-1d059302f4b6,449e7e29-7466-4d46-872c-ba6b6e2a640e,BEV-001
09558784-1779-46f2-a36a-3cd43a45347e,21509b6b-8b29-4ef5-9b41-d678810e0aba,BEV-003
d1a286df-9f5f-450c-84c9-ce665fb0d83c,21509b6b-8b29-4ef5-9b41-d678810e0aba,BEV-004
98486e19-4f8f-490c-9237-8df25b22558f,8c2e0841-c461-4a09-8da4-6933b7196554,BEV-004
0121991f-2e89-422a-b032-39cbdc3c9816,d872431b-cc31-40ac-ba52-3266e2284252,BEV-005
4b2b2465-e0f5-4e2d-a39a-7f9e072270b1,d872431b-cc31-40ac-ba52-3266e2284252,JAF-005
a9c0655c-43f9-4828-97d1-57e150459212,d872431b-cc31-40ac-ba52-3266e2284252,JAF-001
a9d17fa5-7dec-430a-a0b1-258cfb3ace86,7deed959-55eb-41e3-b705-b340f1f154ee,BEV-004
66d7eeba-4554-4fad-8fae-a7d14a159e82,7deed959-55eb-41e3-b705-b340f1f154ee,BEV-005
3cb6daf4-2d1d-42e3-bcb7-26f33abe3f4b,7deed959-55eb-41e3-b705-b340f1f154ee,JAF-003
171f6ca4-388f-4f60-8c2c-951477a851e3,86f37ff5-efe9-4d57-a435-b1b55d2e47dd,BEV-005
222989d2-1dfa-4f4f-bafa-72751f6c5c82,2aa7015b-8093-496c-8bd9-96781dd68ba1,BEV-003
68dd19bb-158d-49ac-aeb9-a7e3304e1cb2,2aa7015b-8093-496c-8bd9-96781dd68ba1,BEV-004
898ced4c-bb7a-4962-95a8-c06900493759,2aa7015b-8093-496c-8bd9-96781dd68ba1,JAF-002
d7b0cfc4-a2c4-4503-9ed1-c5659fc730a6,cfeca042-a684-4586-a310-06e020808eaf,BEV-003
c3956917-02a6-4354-86f9-3da00510d30f,262d4464-e184-4f38-a48d-359a11a5c9a9,BEV-002
8de54afa-7ca2-48fc-8da0-37f9a2c14d0d,c8356973-f414-4132-befd-64ba9fe874bf,JAF-001
266406d3-9cec-43dc-b943-17ce3738ebd5,63b78555-05d9-4317-b1e9-0c59c82d003a,BEV-002
0801464c-5db1-4a92-9c06-0ad5ff1486bd,f8e24dd2-f292-48c3-b956-8cd87763d0c2,BEV-003
9ec3ba04-852e-4b10-bcc1-c94504b84147,f8e24dd2-f292-48c3-b956-8cd87763d0c2,BEV-003
90a7e4a0-6cdc-4615-8b9f-7f25b7036591,d49edd2b-6f31-49cf-8e24-ba7bfb468add,BEV-002
da80ffcf-2d51-48ef-9a43-e239979e6497,36d1aae9-37e5-4298-bb91-e537660b3b38,BEV-002
184a5f5f-5532-4999-9a84-e5af30fa1f82,36d1aae9-37e5-4298-bb91-e537660b3b38,BEV-003
36155273-4ac8-4bd1-96a6-28ec6667c582,60439279-0825-4266-9522-dda74b7fa801,JAF-004
48402fc4-358d-4826-9cf8-6882b63b11c8,5b2757a7-dc68-4490-adf6-a150f534fb3f,BEV-005
c1a4b9b2-dd70-47b0-b796-55c99dd6f262,5b2757a7-dc68-4490-adf6-a150f534fb3f,BEV-005
266d672f-5575-4538-a73e-907e21f81d90,0f2fd01c-ae20-42a8-9684-f3d69dec1494,BEV-003
8dda6484-87b1-4e57-88ee-c9ee04b2d1ec,b5f33796-2185-49d1-b5b5-e1e25adffd99,BEV-005
8ab52cf0-b478-42cb-ab40-5d3e9772b660,b5f33796-2185-49d1-b5b5-e1e25adffd99,BEV-002
a44e1046-77c3-4e9d-ae41-89aa0173d095,b5f33796-2185-49d1-b5b5-e1e25adffd99,JAF-004
2fefc816-b8d2-47d1-935c-190dfeadc245,fb081959-5abe-462e-9f60-f36aca873bda,BEV-001
0d797f52-3d0e-4fea-b63d-22c2779a10f0,2970ddf2-686b-4f73-925e-d09b61f83c20,BEV-003
989b5f8a-d6f4-42ca-b1cf-18ecf02c1018,b7afc052-1d5c-4bbb-9183-aaa7c1e655c7,BEV-005
a5eecb62-20e7-4cf4-9790-bead5a02f9b8,c4ee33cd-9f33-4087-b126-fba1156ccf30,BEV-005
9753cc85-c0b1-4813-bc1a-39f9deca9647,605fcf11-81f4-4dfb-a683-cc387037b84f,BEV-004
9cf5ab29-3be6-49c3-a3f1-42bd2e7347b9,a09abccf-a3b3-4de1-8d7b-1a8d040b47d9,BEV-004
06ad589d-8d84-44be-a713-3986c80dcd92,4aed8216-109d-4cd5-a841-fc1b4809f981,BEV-005
51abfb7e-548e-4fbd-83de-b63425191828,86d81c0c-e843-4327-9416-dc595b6f9408,BEV-005
d857f043-423c-433d-b9de-d93a0705a14f,86d81c0c-e843-4327-9416-dc595b6f9408,JAF-004
a1c2b4f4-8c8f-4d9a-b5ff-6dcf6ef3d540,79be4d96-271f-4860-a619-5773411ee9b8,BEV-004
7be18bcb-e1f8-4af4-99f6-5625fbafb279,150eaa01-2d46-42f1-83a8-f41109e57a7e,BEV-003
b73c53ad-1852-431e-ac9b-1ab7598e8247,af0218c7-d556-4648-89e0-2f2fc4c874f0,BEV-005
79aa4ab4-3613-4dd7-bc42-1336b6bf7317,3fab9b53-1506-44b3-a961-98bda3cedb3c,BEV-004
21df91a4-5fc6-4076-9dab-907c7ab780f8,3fab9b53-1506-44b3-a961-98bda3cedb3c,JAF-004
51a372c2-f2ec-4df6-8c7a-2ed123b867d5,e5a9122e-52bd-4439-ac4f-4d0e8c7f34c9,BEV-003
0e2f546a-550c-43a1-997f-156d08057d75,39e9b9c8-5081-4211-83fe-804e11d18873,BEV-005
4b42ddf0-0066-4501-a645-70067139af95,6b91a3b6-e1d8-4d05-8d37-1e2fd9b507ff,BEV-003
7d59f544-cbc8-4c3f-bce1-0077e7744340,428adc2f-72ab-4c99-bc7c-f4b60e58861b,BEV-001
6d1efc22-0116-423a-b524-a011efd3f281,428adc2f-72ab-4c99-bc7c-f4b60e58861b,BEV-002
e2ca0f96-4c0f-43f9-8305-331363c4d84d,428adc2f-72ab-4c99-bc7c-f4b60e58861b,JAF-001
22b8dcb9-49e5-4352-b78a-319ba78152ee,428adc2f-72ab-4c99-bc7c-f4b60e58861b,JAF-001
b63c3d13-9772-4301-a526-8f7eccc452d4,0ef26fbf-9adc-48c9-898d-c9cab078ea89,BEV-003
8afdabee-cfd8-47f9-853a-828dd8a1f6a3,dddf7277-e0e8-40d2-9776-8b2ab5235c25,BEV-005
21e9c5f8-d5ff-4c98-b2bb-c070482a3504,dddf7277-e0e8-40d2-9776-8b2ab5235c25,BEV-001
efa96c83-8356-48c4-b868-8f9cef6b90ce,dddf7277-e0e8-40d2-9776-8b2ab5235c25,JAF-004
08c1aed0-422a-4dce-b299-f525507e4095,7105bfd1-3209-4c40-9b95-264e67e80b7f,BEV-003
724343c4-fb24-418b-951a-361887c9713f,1a7d56ee-864e-444a-9bf3-c5dcc2f27e56,BEV-001
792235ac-d504-488c-9ff3-fcd89713c3c0,c9f08b6b-4054-43e6-974a-fffb03471f9f,BEV-004
031fde1d-f157-4b54-9590-3cb20701e41c,07b97d20-4d38-433c-9e57-ff415a816971,BEV-003
f766e0c2-0a86-4610-98fd-af48432eae8a,a9b340d6-cd73-4f2c-8e55-62df9f06ac35,BEV-003
92cc1271-13fc-4821-be7e-083fcf978210,46d62848-412d-4d5e-9733-37339278fcc0,BEV-004
ff979d54-6fd6-4988-a115-07bf04047d36,45e23004-f2e1-42ec-8899-0a300ad47717,BEV-001
b64d6503-0822-4777-8976-a589c19f797c,45e23004-f2e1-42ec-8899-0a300ad47717,JAF-001
a046ff2b-909c-40f2-ae5e-6766471656c0,25f0590d-2c97-40c8-b739-7af9667d4e42,BEV-003
15872531-cb6f-4349-88a7-0ffd8f970be9,25f0590d-2c97-40c8-b739-7af9667d4e42,JAF-004
7901423c-3010-4a6c-ab20-dcc187168521,25f0590d-2c97-40c8-b739-7af9667d4e42,JAF-004
87b87dc8-f240-458c-9d04-2680126ad441,25f0590d-2c97-40c8-b739-7af9667d4e42,JAF-003
c5158210-918d-46ab-aaaf-1effabf7630a,3b0d1d4e-69e9-42c2-9580-6d1f2fc52bf9,BEV-003
4775febc-b37d-4350-93e3-313a8ba7d97b,c33a4f82-208c-4f7c-b24f-07d2301889ca,BEV-005
45395962-4e73-4974-8720-ed993c58839a,e5b473f4-c193-4fcf-88a7-4a7f99edaca2,BEV-002
5561b84f-0e7c-446a-9fa3-4abb6eb3284c,ca63dd9a-340b-4748-9721-d5f685409fcd,BEV-001
960cd7a8-5d45-475d-9ec4-b1348262cc33,844b166c-303d-407a-b065-55a7225983e4,BEV-005
2ef5ad30-bece-4ba4-ac11-88561813f8e4,844b166c-303d-407a-b065-55a7225983e4,JAF-003
93f46a31-f4dd-449d-9631-97fba4010d28,3f639a73-4615-4da7-a9e9-5900d4d61eac,BEV-004
fba0abe9-25f1-415f-a9e1-55c09df2eda3,3f639a73-4615-4da7-a9e9-5900d4d61eac,JAF-001
a5697e3c-cf8f-4388-8924-627f3d43a37a,3f639a73-4615-4da7-a9e9-5900d4d61eac,JAF-001
743583d9-19d8-476f-8ed7-2cb7f8cb8f00,60501fad-248a-4abe-8fb5-1f5cf8676ca7,BEV-005
9569bb74-014d-4be0-8498-2aa5bba62067,60501fad-248a-4abe-8fb5-1f5cf8676ca7,JAF-001
87279474-3464-42f3-b679-a15139ef860f,4a703d8e-8034-4b03-9423-39e808cf4055,BEV-004
aaab97f9-9cc8-4a7d-9ae7-8d54a470ef0a,32f75bf0-cc39-4676-a394-b673f8374141,BEV-004
6e2e92bf-68ce-4592-8f8c-f856d743bec8,008cc165-663f-40fb-94d9-2029e8542983,BEV-002
c60551d6-807d-4c78-81ad-17687c64007f,153d5464-e50f-4460-81e4-18135651fe36,BEV-004
dbfd5105-56d0-4b52-872f-c17186aca698,c6d3221a-a28b-4892-87ba-5cfd8e9f9009,BEV-004
ecbd8377-88f4-41d1-bcd1-e0d2a2bc81a1,5ca5eecd-3e5f-4795-b4e8-bf96c83f0793,BEV-003
4762e8b0-4241-4f0b-bb23-ce53a26e9d75,5ca5eecd-3e5f-4795-b4e8-bf96c83f0793,BEV-004
81adb990-7cd3-46e4-b098-bc12cde20d5f,5ca5eecd-3e5f-4795-b4e8-bf96c83f0793,JAF-003
f9997637-5772-4f13-a8b4-86d7f6011a51,4e24dae8-0959-413c-987f-38695c38b447,BEV-005
9a19603b-e28b-4c7a-933b-c7d1fa65332d,b44f4b94-d71e-4549-b1ae-fe05f59407cb,BEV-005
e3570825-5ae5-4127-996a-9d517c7fb57c,44f95154-3cd4-47b7-b463-a93fd4fcd4ec,BEV-003
0cd2422d-0f9b-4cf0-b421-1c6fde729959,baade1c8-5071-414a-ae7f-b60a0079a30c,BEV-005
2cd7e66b-7baa-434c-9307-adbbd8499031,3099e82f-e998-499b-9e50-7d723b7ba2be,BEV-001
df97a497-4a86-4045-88bd-212c6b91e999,3099e82f-e998-499b-9e50-7d723b7ba2be,BEV-001
6179c70a-b4f6-454c-a4ee-88e718bc65ce,0292ac9e-7879-42a4-93df-099461a864e3,BEV-004
b5c718a3-ad87-41e7-8e5b-8f42b94034d9,ccdd4e28-7290-444e-8b38-bd9506ec33b5,BEV-004
79a10d46-1628-4105-af4c-c348885a55c6,7c3ed741-5a1e-43d2-a443-cfaab4f18fc5,BEV-001
71145d0f-fc71-4e17-9230-6498364902f3,12477bc1-977a-4a8e-bb23-0a23526e5f48,BEV-002
64205a17-a079-4f3d-be1c-6aa5a384fe8d,b00d095f-0f4a-4d4b-946f-6eb9d4131657,BEV-002
07dff5a9-c50b-4d6b-b5dc-29dae7e6d984,4d52ff48-5cba-4abb-a001-df0fd57366b0,BEV-003
ca407648-82a7-42c2-98d9-05c36cd5bdb4,acfe618c-e323-42ce-9caa-97867b6b6581,BEV-002
fe57cc28-838c-4b72-90d5-51a95a11558c,2efac788-917b-43fa-ab2b-2663162fb5e5,BEV-002
7e017e98-921e-408e-a067-1a871fa97647,f25326aa-3ecd-46d7-8500-bac5dc52114d,BEV-004
67e3ee83-5ff4-4aa8-83d0-687cce0e3606,d74b9c93-1335-48e8-8fa2-ae5464f602d9,BEV-005
7293729b-ad28-4a7b-baf4-3c8926a2a8af,75d30c8a-76b6-4144-ba04-58aa749bf916,BEV-002
21d9be86-0ce3-4b5f-a86f-53e881562635,75d30c8a-76b6-4144-ba04-58aa749bf916,BEV-001
87e1363c-0451-45b7-aff8-1d53ad812806,75d30c8a-76b6-4144-ba04-58aa749bf916,JAF-003
2bb54499-c1d7-44f1-a9b7-a50360a44731,f897fb21-bd39-438f-9b04-63f0b40baceb,BEV-002
b98a057b-97fb-4b29-8ac1-455bb2221d2f,164ad670-76f8-43b0-948a-ec5281f5f957,BEV-005
591739c3-9e7c-40dc-8950-ab061a0da8cf,1b8d59aa-c586-48c0-a63c-92b2427272bd,BEV-002
5dfcd775-990b-4d60-b65e-c90411e32168,22bc866c-589a-42d0-8cd5-0f4e8489dbdd,BEV-001
c27633e1-4e16-4abe-83b1-e5aa40611d10,22bc866c-589a-42d0-8cd5-0f4e8489dbdd,JAF-002
62dfc3c8-4968-44f7-ac27-1ee4b2df01fd,d8eb8956-8a0a-48af-9b70-66629f353dad,BEV-004
c96faa50-7824-4e05-a31e-44a41ce4223b,d04a90bd-1c32-498f-8f8e-a75ea56672cb,BEV-003
eca4b2c2-5181-4fca-a3c9-fb754c36c8b1,231bd70d-6c3a-4c34-b66e-e00973bf8936,BEV-002
ea22f708-2410-4e21-ae27-9e0c7bba6997,790826b0-adc7-4dcd-af56-76140323b08b,BEV-005
7ca29a0d-c81c-45d4-98a1-57877b3cf3b5,b22241e2-5f45-468c-979b-f2c6ec783cf5,BEV-005
0e965b12-c7dc-4020-80e8-d379694906a9,7bed5bd9-8007-4ea9-8cf7-0cf4a080bf81,BEV-003
25c06c89-29c7-44c8-804a-f137a7804577,7bed5bd9-8007-4ea9-8cf7-0cf4a080bf81,JAF-001
30144274-c2d2-44ee-86de-88951aa67279,eb149a07-2dae-44ee-bc35-5f31004d52b2,BEV-003
83fb194b-ffa5-4ddd-9490-0ccc9e804f90,07abb654-3a76-45bb-b4c5-04ea755aae74,BEV-001
27499425-c3b7-4a36-8a71-24c1bab86330,d6c5288f-a5a6-47ae-8a91-621a71de3f67,BEV-003
b96de430-b809-434c-a69a-28a494cff105,55cc2c6e-7a7b-4670-9f9e-2788210737fe,BEV-003
5286651c-7a7f-4996-979f-8d6cc2f98717,55cc2c6e-7a7b-4670-9f9e-2788210737fe,BEV-003
1c8df3c9-df90-4ab9-8056-ce8d36f57192,55cc2c6e-7a7b-4670-9f9e-2788210737fe,BEV-003
1243e7c0-39b9-4a4a-9340-ae47b2acedc5,55cc2c6e-7a7b-4670-9f9e-2788210737fe,JAF-005
c4622d53-4817-4e21-baf1-7d4e01b38dbf,2d86af6a-ced6-4852-a084-3b2c51c6f509,BEV-004
9b81c24d-2933-4377-bfcc-730b4467442e,12600c86-7bce-411d-9e1b-91551e0e856a,BEV-001
d26a6eab-84a2-4e98-8f8e-1095289e22af,9fc8a352-0a0d-4938-9d3b-571decad3b28,BEV-005
43953cb9-eb4e-4ca0-8e08-f6f822abb148,8a4f9cb1-460b-4dcd-a3d1-45fab025f6a1,BEV-001
da845231-9282-4361-b3ec-79f19105428f,cdb79d5b-53f4-4245-a028-2a1579764b72,BEV-005
9c3bd343-8e22-40f7-aef3-0c11f7a30815,cdb79d5b-53f4-4245-a028-2a1579764b72,BEV-001
29d6d77c-c2dc-44d2-8d9f-f0e362e162a2,cdb79d5b-53f4-4245-a028-2a1579764b72,JAF-004
142428cf-d545-4480-88d7-df2312a2a134,559686d4-a56c-4fa5-a663-e7f8fc178f6c,BEV-005
eff6c39d-6457-42e0-87a8-1132141a5bc7,5c74ec74-5941-484b-b3cc-66b78af383dd,BEV-002
4954522c-9a42-4faf-9e83-94d7b5dec805,cc95aa82-62b4-4bca-b11f-f3bbc5dc52b2,BEV-003
435051a0-dd33-4ef4-a87d-95b4e67f5e32,7b6475aa-acff-4ea7-be8c-a5965cf0aa9c,BEV-005
86859c51-25bd-451a-90eb-a529fb0bb681,5856afb7-1923-4fa9-9029-170af33a3b4e,BEV-001
dfe71f7e-859f-4fc8-a6b0-e14226a74d2c,144b4484-2919-43c0-935e-f6e87747ca99,BEV-002
4c9ab4e6-f84e-4a0d-8c08-0aea51464882,72779b6c-177d-44e8-acc8-f0795b8c66c0,BEV-003
8d2662ee-93fe-474a-a3ad-f350e13e453b,e29aacc9-dd6b-4661-b17c-da33c7a67b7f,BEV-002
d290514b-f9ed-4422-b50b-1d4484bfbd66,26d1c7c1-aed2-4ae8-9bda-b927766f6e22,BEV-003
76661db1-2235-4fb5-8055-2cb9a975daf6,26d1c7c1-aed2-4ae8-9bda-b927766f6e22,JAF-003
1c3396df-fdb7-4b0d-b65f-6b57dc50a56d,68caea49-7851-4f83-872e-e5c156fcaf68,BEV-001
bae748ce-7f79-4b05-9fe9-98731723b7c5,3fccd8a0-1879-4305-b86b-deb2d32117ec,BEV-003
7fa92c83-bec7-4608-a66a-d73de05007c1,3fccd8a0-1879-4305-b86b-deb2d32117ec,BEV-005
e370c865-e1ba-41bb-be1e-f0e43feed0d1,0ef41b9e-80b5-489f-8e75-7314d5df39bc,JAF-005
0119f44b-5351-4e0a-add8-a8c833cd2195,0ef41b9e-80b5-489f-8e75-7314d5df39bc,JAF-004
afa27d98-c1d1-4986-beda-679fc3ae70bc,ef6e9cca-8d87-48ca-94e4-a463285423a2,BEV-001
47eb64cb-d1a0-4b15-8c98-2565220bc3e0,ef6e9cca-8d87-48ca-94e4-a463285423a2,BEV-004
fb057945-fe30-4ae8-b775-9859c481859a,87fd6731-6f98-45c5-a2fa-a62a585f62db,BEV-003
b7a05192-b6f8-40b0-9142-cab75b92e9f2,7f2707a3-9324-4443-8091-2e3e804d8d1f,BEV-002
216f7e71-e72c-4dd6-92ec-9b9c98112a65,3149bf3d-fd64-448c-a2b2-76192ce42d1b,BEV-005
70e79540-f9a3-4321-b548-601719d26038,b4b8117a-c179-4342-a889-318fbcdfed76,BEV-004
22e6d5b8-5103-43ff-9947-95b3b85e3cb9,b4b8117a-c179-4342-a889-318fbcdfed76,JAF-005
2db02e5e-ac33-4718-8eff-09bb36ce814f,b4b8117a-c179-4342-a889-318fbcdfed76,JAF-002
29dee260-49f7-4069-9637-8b27513f7c47,b4b8117a-c179-4342-a889-318fbcdfed76,JAF-001
ef1c0914-eda1-4acc-b49f-03e9e1e7bd7c,6cb55532-5a6e-4105-99bd-a03f4cf18b9f,BEV-001
ade463ed-9903-46bb-a563-d90839c15e2b,6cb55532-5a6e-4105-99bd-a03f4cf18b9f,JAF-003
81086900-343a-4681-aaf8-e498318d791f,6cb55532-5a6e-4105-99bd-a03f4cf18b9f,JAF-004
91190794-e6d2-4269-8eeb-fff7d7ded02e,8abefaef-0738-4693-a8ac-f5e3ba46a7d3,BEV-003
4b71e703-0b7c-49f6-8442-c501c2f176b6,8abefaef-0738-4693-a8ac-f5e3ba46a7d3,BEV-002
bbc07e49-00b3-4605-b047-8873efe8b335,8abefaef-0738-4693-a8ac-f5e3ba46a7d3,JAF-005
877f7613-d939-461a-80dd-0ea2a31f5129,eb6cdb30-dc91-4536-a325-1f3c51002def,BEV-005
9d7c4871-818e-4f35-b5d6-54b6257e552b,a3b67b21-aec1-4086-aabd-16e8cd17e688,BEV-004
e69356af-d747-4b10-af9a-848af314f0e5,a3b67b21-aec1-4086-aabd-16e8cd17e688,BEV-003
c4be2413-9723-4a36-9392-715f8ad66020,9667efe8-20ea-4dc9-b07d-092283399eb5,BEV-003
cbc7509b-c37c-435a-802f-896f510a2835,9667efe8-20ea-4dc9-b07d-092283399eb5,JAF-004
56230936-17b0-4ee4-9a84-3ce210ff0b15,2599a816-463c-4636-9d94-4ef27dfe6166,BEV-004
ef5addbc-9792-43b0-b443-b12a226a61c0,cf27c119-b2be-44c7-9c0e-d5d59a9db8f3,BEV-005
0aeabcab-cd95-44f2-8601-10dca7ae64bf,cf27c119-b2be-44c7-9c0e-d5d59a9db8f3,BEV-001
39fd48e7-e249-442a-861c-7918ed953326,76415323-54c8-48c5-a984-3486d1ef2e0a,BEV-001
2604a782-27af-4434-b62a-a3b3fef02472,44886247-c9a7-495f-90df-796c26b48f29,BEV-002
7da920b3-96f5-4421-b6a6-ccd7037fbc8a,6163555d-1c7a-46ef-b2c2-f354932dfe48,BEV-004
4c90a689-b76b-4984-9843-c2d46eb6e967,2fa784a0-2522-49bc-a324-c354cfe353c7,BEV-005
f53252bb-19fb-4d93-82ba-69b921332b07,2fa784a0-2522-49bc-a324-c354cfe353c7,JAF-003
c55b9731-88cf-4be4-bf88-7bf7983d6009,b2e7693c-119d-4046-809f-c3bf431aca35,BEV-002
91ddcd9f-4d94-4a1a-859e-a91d66e8470b,a2462648-0281-47ef-847c-8e1a3ed9605b,BEV-004
ec850336-2576-4ad8-a811-63e0089fc962,4f6b2bc8-162d-48e9-88f9-c65e80908a2e,BEV-003
8acbf41d-b9ce-42a5-a1c6-bb3a4b3237b9,9546887b-4de2-4893-b12c-5d0c665dbadc,BEV-003
dd4f0f4a-12ff-46fa-88ad-879d7832aaa1,9efa1ccf-fa0b-44a6-8416-11315ed61fe5,BEV-001
f8307f88-a7c5-4dd8-b39b-5ab1c17ee65f,458c8b1c-eb9b-446e-ba11-27f41c3b828d,BEV-003
cbeb68c8-1628-4e3f-93f4-04895cf87a74,209cc507-3e8d-4612-a56c-3995490e9902,BEV-003
d82e4a09-4a11-4462-b0d2-3319cf52fd10,d3f033a9-fbd5-4dcd-b66d-924ad02b9cb7,BEV-005
92504b15-635c-4c4c-acb0-1b3b269748c5,0ad58902-d8dc-4f74-a9aa-5bc44db82db0,BEV-001
fc3cc349-f9c9-47c3-94a8-ba07e4c02c76,191d7153-0f4f-4a5a-957d-ed67e4e3caab,BEV-003
ea13a30c-9446-4ff7-815b-a59737098d53,191d7153-0f4f-4a5a-957d-ed67e4e3caab,JAF-004
1d3dc163-6113-4e5d-82af-5beb462cb9ee,0b22f154-d355-42f9-89c3-86d501c5ec98,BEV-002
44757b28-870f-4617-8de5-65a5ba001a9f,a8ab2f60-6116-4c3e-8070-7e596d2fabc9,BEV-001
fb5ffe9c-ab10-407b-a4fd-f3fbe244e5b8,defd763d-63a2-4ddb-b271-e885905c54c4,BEV-005
b9a2b54d-24a8-4707-b9c4-06193d04ef5f,077531f2-efe5-489b-94ca-9b69a122327e,BEV-004
7363d3c8-7ee2-4d6b-ae7c-1e263ff25657,077531f2-efe5-489b-94ca-9b69a122327e,BEV-001
63b10074-550e-4a6f-bbac-ff345d2b3760,077531f2-efe5-489b-94ca-9b69a122327e,JAF-005
3b250a7b-5c1e-438e-99d5-31c74834179b,077531f2-efe5-489b-94ca-9b69a122327e,JAF-004
17144e45-699b-4bf2-a134-e52cd044a956,077531f2-efe5-489b-94ca-9b69a122327e,JAF-002
93d12868-6386-4894-a289-7b5d2996580e,50e08a2c-25bc-493d-894c-ded7348088cf,BEV-005
29d3e88d-a5d3-4adf-9295-0f520c32f226,ddf2769a-0e89-480c-b234-072dfb9147a3,BEV-005
c1d8cff4-0aa1-4289-b1eb-8ff2bf3a35ff,2326c8ff-fa31-4b43-95bd-d96ca2456172,BEV-001
6514bee0-c201-468c-b611-ccdd8824da6e,4d5df407-a3d6-430d-8bbc-b084b924aff2,BEV-005
ad1fb291-60c6-4030-85d5-c703b4d0c16e,4d5df407-a3d6-430d-8bbc-b084b924aff2,BEV-002
e644211a-b4d2-4e4a-949c-edb95ce3b053,8817c662-458f-4b57-80fb-94e8788d2d01,BEV-003
7fbac48b-6f65-48fd-b91d-f99a70bb544a,d12f1cc9-f367-4534-b2ab-9a1f74ae2d1b,BEV-001
195b0057-1746-41de-b639-8081ae5e6fe1,ad4963a7-bc74-4355-9fb4-44a3906a9207,BEV-001
1aba0826-ea8e-4519-9f62-36b866d8af14,bcb20d92-2cd1-4b8f-859c-73e938bc4655,BEV-002
7fc4cb63-b690-4498-8d0e-01cc9b84f221,42fab6d8-6a59-43e8-a0ab-018ac6cdd3d1,BEV-002
40d3f9eb-85a2-47ef-a5f8-393e0f246275,42fab6d8-6a59-43e8-a0ab-018ac6cdd3d1,BEV-003
5ef11e88-2f38-48aa-8c54-9c7bd801c87e,42fab6d8-6a59-43e8-a0ab-018ac6cdd3d1,JAF-002
76ba6b4b-279b-4eb2-9aee-5ba9abdbf0f4,5fe7efdf-7c24-42e8-bc62-0abc6ec85d39,BEV-001
894e567e-26f1-42b0-bfb2-f13008b1a74b,20603c29-5982-46ee-8367-ea29755280e2,BEV-003
37819ca3-c019-4191-9ac2-0448eb5d502d,d534ac49-f798-485b-9a64-206a954b1cae,BEV-004
15a084e0-e50b-4124-907f-50ad11e57afd,833da5fa-8e5c-4ce6-adbd-cfe4b6d7e1f0,BEV-004
30ad4df4-5375-4a80-a645-2f7cb186fbc5,833da5fa-8e5c-4ce6-adbd-cfe4b6d7e1f0,BEV-001
67f7086c-3c46-4348-bb42-872856234a65,273551c4-f3bd-4e62-b0fb-967784bb356d,JAF-002
c6467d78-5571-41f3-bbf9-bf0a600ae978,1b71f03a-c119-41af-a6d4-3c5a1f53049a,BEV-002
ccf80285-5698-4c0d-8a4b-9d999701127f,1b71f03a-c119-41af-a6d4-3c5a1f53049a,BEV-001
47d1087e-d581-407d-962f-5bb99cc3b697,1b71f03a-c119-41af-a6d4-3c5a1f53049a,JAF-005
4cb41017-849a-4984-b993-1e36a7ef6195,ab8524f5-c2d9-4a41-94be-f0499b4c93cc,BEV-005
b080a4ca-5dcc-49e5-9c36-85c8e06a542c,8e773939-555d-4dc1-85e9-1205e6109d86,BEV-002
febe9629-535c-410d-8e41-d50fc09a4ae1,b243acf9-379e-4318-84dc-3762361ada5d,BEV-001
41546e91-b175-47fe-8c5a-76641f7f129c,3030a760-50ae-4054-a899-beabf901053f,BEV-005
ea5ec3d0-9333-486a-9591-99173e13037e,c2a9977e-2761-4ba7-b8fe-ad6cda36cfff,BEV-004
968cbc66-3a76-40ca-b4c9-0eb588b7f508,c2a9977e-2761-4ba7-b8fe-ad6cda36cfff,BEV-004
435b8da8-b5ce-49d1-ba0b-5a79dc86a56e,c2a9977e-2761-4ba7-b8fe-ad6cda36cfff,BEV-005
2d17b9a1-b05a-4faf-9c22-a6e2b90fd084,c2a9977e-2761-4ba7-b8fe-ad6cda36cfff,JAF-001
7adcc93c-d525-43b3-a5dc-fd98fdbfa6a4,8da6a22e-5277-4276-8f27-c3b6bbe5f6a6,BEV-004
e6074f1f-5d1b-4633-b27f-96931ce8205e,7e3cf62e-d58d-4eaa-b86b-76efb11f10f7,BEV-001
5d35330b-3747-433e-8472-4c64e84e10e3,7d300be7-b20d-455a-97ae-cf262e604240,BEV-001
7d69789b-0a85-430a-ad62-61d816f23ead,a25cab1e-5368-475b-806e-f463f4bc3d60,BEV-002
7290d860-a992-495d-b42a-3c0a870e20a5,a25cab1e-5368-475b-806e-f463f4bc3d60,BEV-002
072008ba-4558-441e-920d-fe2a0128a14a,05d43431-e859-4864-be00-8562254ade84,BEV-003
9208906e-008b-40d4-840a-8b3dc1a5218b,e8c94205-32d9-4fe0-b1a9-d683bdedd082,BEV-002
61f344f9-32f9-4011-b0cc-4e37e4510661,7b00ca3c-cb4b-47c3-b294-673323a990e3,BEV-004
26e60abc-29b8-4c3d-8afa-44b99295095c,920a5dd2-92c1-4597-9f0c-78d5627b3b11,BEV-004
5af8363a-a45f-4c5c-a4cc-13821cc4258d,920a5dd2-92c1-4597-9f0c-78d5627b3b11,JAF-005
2eac24a3-19b7-42b0-ac6d-75f31d0b7678,920a5dd2-92c1-4597-9f0c-78d5627b3b11,JAF-001
eb2c5659-e76d-4069-93a5-a66d3c29109e,7c2999b5-ac67-437e-af87-fd24292165fd,BEV-005
76f9d4ee-aaab-43cb-bd3b-86deb174dd58,3ec89810-908a-4c98-9759-6bc52415911e,BEV-002
d7f838cf-c821-45d6-8bef-201f590a7f69,c27abec6-13ed-4533-b193-911adafe1e74,BEV-001
75b0319d-3c33-4d98-8030-9e9a9f27ffcf,5385ad72-0717-4aeb-a988-96d3f77039e1,BEV-001
1aa8f1ff-aeb2-4627-aad2-58e27ff37754,49d8754c-8870-4fbb-a695-b88d27d726c2,BEV-003
dac0cada-f047-4c72-98ea-1a9b8ea55c3c,4ac36e89-894d-41b9-aa03-d74bf105ce5c,BEV-002
9ca17e1b-6ee8-4203-bb26-a43f1d6c4697,4ac36e89-894d-41b9-aa03-d74bf105ce5c,BEV-005
06882db9-e084-488c-85a8-ba6043e3f9da,4ac36e89-894d-41b9-aa03-d74bf105ce5c,JAF-004
80eb7fa2-8817-422f-b793-7daa7fe857ac,7dbec26e-0326-453c-9e3f-6e12876f7e40,BEV-001
e1952b46-1859-4ffd-bac9-045015589d9e,abfd3d3c-3c9c-45ac-9049-d020966ecab0,BEV-001
7d467e2d-a9a4-49f7-9cb6-6dc20160d4f7,ff6ae7df-3873-45b7-83ef-c195a4319501,BEV-003
68abd3b7-774d-4b11-bb39-2406781db675,9f105b73-0710-4c08-987f-0ad2ec0d5f0e,BEV-005
6473ed28-5d75-4b9c-aa05-54c50900590d,ee9bb7eb-553b-4980-abbb-be14b62982fd,BEV-005
7031498d-c4c1-440b-acbc-950854c6678e,7fcf5c24-404d-4d41-bef7-9dfea8825ea4,BEV-001
c6bbc43e-95a6-43c6-a403-6c78260081c9,da6a84ec-3495-440b-bb41-969e90763fd4,BEV-004
28d81e6c-8b14-420e-ba8b-129fb23a1263,07621124-bb16-4542-b0ff-9a58f313600e,BEV-002
71567db9-003b-4e38-a86d-8f4655244c06,4073dc5a-6a28-42f1-a425-d0a34a1fd0ae,BEV-001
831b5af5-e7eb-4a2c-be3b-69bc296f6d4b,4073dc5a-6a28-42f1-a425-d0a34a1fd0ae,JAF-002
6e11989f-eeec-4811-8868-f5413de681a1,4073dc5a-6a28-42f1-a425-d0a34a1fd0ae,JAF-004
553f5021-895b-44ce-a578-0514b07d02ae,1841d415-a2a1-434b-b18f-fecf00f10ea3,BEV-002
5ea3352d-4665-4af9-99d5-daf2079a99ed,1841d415-a2a1-434b-b18f-fecf00f10ea3,JAF-005
51a57c7e-4c1f-415b-8e0d-a91d5ac936fc,d4e75d2e-3e29-4456-b773-862ddb128576,BEV-002
c35d69b0-5163-41ee-9bda-1e0da2e66aae,d4e75d2e-3e29-4456-b773-862ddb128576,BEV-003
d93fa492-2a8b-4bd5-aafd-a034dafbf402,d4e75d2e-3e29-4456-b773-862ddb128576,BEV-001
8097cca3-18ae-4650-8f46-614e5a72d887,d4e75d2e-3e29-4456-b773-862ddb128576,JAF-002
fb9c41af-6370-4449-bd3f-59cb04ee87c5,d4e75d2e-3e29-4456-b773-862ddb128576,JAF-004
9ed87ec2-1849-4ee9-8022-851b71dd0d71,d4e75d2e-3e29-4456-b773-862ddb128576,JAF-001
35f9187a-5d43-4de7-a948-68d66b38e324,af8b3503-8ae9-4e99-af86-2a0bf1291806,BEV-005
2f01abf6-6ceb-4635-8d0a-5bf2be98da51,af8b3503-8ae9-4e99-af86-2a0bf1291806,BEV-004
90e5563d-4a05-41a3-a74c-fd2c824e4735,af8b3503-8ae9-4e99-af86-2a0bf1291806,BEV-002
da61e944-25a0-427f-8832-ecf9771902a4,af8b3503-8ae9-4e99-af86-2a0bf1291806,BEV-003
aa0b2b13-e97d-4d59-acfd-53322106f812,af8b3503-8ae9-4e99-af86-2a0bf1291806,JAF-001
da16f89b-e73d-425e-8c5b-4f454c5bb06b,af8b3503-8ae9-4e99-af86-2a0bf1291806,JAF-002
f99adc08-809c-4f13-b95c-cf1f57c44e26,af8b3503-8ae9-4e99-af86-2a0bf1291806,JAF-005
f3a91503-66da-41fe-92d2-d8fba44ab0dd,af8b3503-8ae9-4e99-af86-2a0bf1291806,JAF-001
b51f75cb-f58f-4b53-b22a-e0b98afb4660,0e2ea372-2acf-4ba5-9d2c-14678c2c5b9c,BEV-003
c3243867-73f5-4dba-a250-00aec4726434,0e2ea372-2acf-4ba5-9d2c-14678c2c5b9c,BEV-003
ddee1120-8fe8-4ffd-a5b9-02b0f62cdf54,0e2ea372-2acf-4ba5-9d2c-14678c2c5b9c,BEV-005
698405d0-b8f4-46f9-98da-727a8f239757,0e2ea372-2acf-4ba5-9d2c-14678c2c5b9c,JAF-005
7114fc0f-148d-4fc1-b656-1d8e8740c857,0e2ea372-2acf-4ba5-9d2c-14678c2c5b9c,JAF-004
46e2546d-7b9a-4ff1-ba8f-c675cdb5648d,0e2ea372-2acf-4ba5-9d2c-14678c2c5b9c,JAF-002
e0a7a879-f565-4a95-ad7a-8d4c15732eeb,77c2f2ad-309e-43bf-aa17-aad76469c30b,BEV-005
f123ea21-bde5-4213-a7ce-a11c4acac35a,7ed7d1b1-ad87-45c5-b165-66f05fbf4452,BEV-005
3bc1f5b9-e37e-4bf0-82e9-32ccedee6ece,7ed7d1b1-ad87-45c5-b165-66f05fbf4452,BEV-001
6f1882ca-d67e-4f99-bb4c-bf3191a77007,7ed7d1b1-ad87-45c5-b165-66f05fbf4452,JAF-003
09f1766c-f77d-4764-b41c-9cc827240790,7ed7d1b1-ad87-45c5-b165-66f05fbf4452,JAF-003
6166c081-4d10-420c-8af2-1f4498ea27de,d4b7b0e9-111b-4544-af46-3e58da65dfd8,BEV-001
07f0a63f-227e-4818-9435-a86fba9c601f,c58ca97c-0358-41f0-93b6-4f6ad6a23ea4,BEV-005
5feb9bca-429c-499d-8a2e-f177372d7663,c58ca97c-0358-41f0-93b6-4f6ad6a23ea4,BEV-001
d7051542-b17f-4444-bc5a-00e156272845,c52bbf94-5d7b-4adc-b030-a5171e788e63,BEV-003
451a6cee-1165-410c-a910-629a18af1c02,fe4f83c0-c45f-4dfb-8c8c-853513127b1e,BEV-002
9ce09627-8cea-441b-8f0a-d0248bf202ed,fe4f83c0-c45f-4dfb-8c8c-853513127b1e,BEV-001
86912a04-f934-428e-8801-ac2005fd1161,fe4f83c0-c45f-4dfb-8c8c-853513127b1e,JAF-003
84b23ac3-c6a9-4f54-ade8-cdc4b903d46e,fe4f83c0-c45f-4dfb-8c8c-853513127b1e,JAF-002
e3c6804e-926f-451b-bdb4-90fe55107b5f,459ced2c-db91-454c-b78d-a4fc92ced988,BEV-001
83f2b6e9-6f9a-4121-9118-602a8f91b678,459ced2c-db91-454c-b78d-a4fc92ced988,BEV-003
12f99f70-30ed-4a7f-909f-a5c10908f4d8,459ced2c-db91-454c-b78d-a4fc92ced988,BEV-003
7b97e791-f21d-485a-ae06-1ccca629d9a9,459ced2c-db91-454c-b78d-a4fc92ced988,BEV-004
be5b4879-4613-4b19-8fbd-d6fc503a7b36,459ced2c-db91-454c-b78d-a4fc92ced988,JAF-003
0c265c6d-6568-40a3-b41a-b2aca3fcf5c5,459ced2c-db91-454c-b78d-a4fc92ced988,JAF-002
e06560b8-7e37-4d68-92da-443942b97d70,459ced2c-db91-454c-b78d-a4fc92ced988,JAF-003
a513584d-7c0f-4111-92c1-e0884b54fffa,459ced2c-db91-454c-b78d-a4fc92ced988,JAF-001
d120c1e0-4b03-4e21-a06c-c94ea6297687,4c4c8067-cbf3-4df0-a06b-392efcc7e04a,BEV-003
0eb1fbcf-ee67-497d-84aa-04c273ed745d,4c4c8067-cbf3-4df0-a06b-392efcc7e04a,JAF-003
d1d8380d-fc6a-4fe9-9e6e-28ef3b1795d2,4c4c8067-cbf3-4df0-a06b-392efcc7e04a,JAF-002
86756a62-2189-4fb6-aaa8-8fd145b79025,faf9a7d7-3f46-430d-8b38-6fb7036780d0,BEV-002
d87ffdad-2918-43ab-b28d-187d7878e755,faf9a7d7-3f46-430d-8b38-6fb7036780d0,BEV-005
91259dc9-f950-45dd-b019-d470a05888c9,faf9a7d7-3f46-430d-8b38-6fb7036780d0,BEV-004
bcd6914b-9f1a-4b47-8514-cb5c1bf7e97b,faf9a7d7-3f46-430d-8b38-6fb7036780d0,JAF-005
5118b49e-8b8b-4936-887b-5d4dcd7de29c,e33bbc3f-359d-4248-af0a-002200c1ef31,BEV-002
2245abc9-9b75-4386-bc30-96ee6e1f7eb4,e33bbc3f-359d-4248-af0a-002200c1ef31,BEV-002
d827709a-a743-404e-85a4-a627ea01f4e4,e33bbc3f-359d-4248-af0a-002200c1ef31,JAF-002
d2873a7b-d893-455d-9247-af6398fca970,0b7142e9-e04b-4508-ba58-75001ff98ea3,BEV-003
4819e1d6-4b99-4a4c-84eb-f38c4d8cb519,0b7142e9-e04b-4508-ba58-75001ff98ea3,BEV-004
44665023-89c0-427a-81a4-3e2cb21db093,0b7142e9-e04b-4508-ba58-75001ff98ea3,BEV-001
f43794c5-cd04-4c24-87fd-29a4d11144bc,0b7142e9-e04b-4508-ba58-75001ff98ea3,BEV-001
845706cf-2758-43bf-ac25-968ca8fe0fde,0b7142e9-e04b-4508-ba58-75001ff98ea3,BEV-004
605e2bb6-b730-41a3-8e62-6584886e93db,0b7142e9-e04b-4508-ba58-75001ff98ea3,JAF-001
0a710610-7669-4ac0-baf0-1ce6988ad7a7,0b7142e9-e04b-4508-ba58-75001ff98ea3,JAF-001
6f29e783-d0e9-41e1-8635-e1a5dd844a42,0b7142e9-e04b-4508-ba58-75001ff98ea3,JAF-001
53c8db63-7951-425c-8cf7-6735c5e2b5c6,0b7142e9-e04b-4508-ba58-75001ff98ea3,JAF-003
01aebca4-d85f-4a7f-8707-0966260b99dd,0b7142e9-e04b-4508-ba58-75001ff98ea3,JAF-002
d39adf3c-3dfe-4705-97f0-5497bc1400b4,31cf1a9a-df2a-4821-b496-96c9d7d489d2,BEV-004
0ed13952-f2cb-43ba-bd58-41de2a945e0e,31cf1a9a-df2a-4821-b496-96c9d7d489d2,JAF-004
87f39de5-d908-4487-855a-e77b78b519c7,1fa8318d-4748-4b94-8e0a-2a2db7f86d56,BEV-001
d5820355-d306-432a-b435-fac725661331,1fa8318d-4748-4b94-8e0a-2a2db7f86d56,JAF-001
886ba115-ac42-43c3-9eed-2886c9a01dbd,9a72270a-8ab5-4e3f-bd8e-ef03a41061d2,BEV-004
c1bd39e7-c7e4-4568-abdb-a4b3021347e7,9a72270a-8ab5-4e3f-bd8e-ef03a41061d2,JAF-001
1d176638-027a-48e8-8a02-2791716c0969,fa3f4a63-88a9-4476-b741-9a5503ba853b,BEV-001
bbc8d449-95af-468a-94b6-235ebd8acff2,64e9236d-56e3-49e6-9180-9ec24276c6a0,BEV-001
f9328746-1169-4ba3-a6c0-910fbc6e3d46,64e9236d-56e3-49e6-9180-9ec24276c6a0,BEV-002
0db65fcb-1736-4541-9b0b-66aa5385d7ed,64e9236d-56e3-49e6-9180-9ec24276c6a0,BEV-005
866e6f86-1470-4b71-b6bd-ec55a065839c,64e9236d-56e3-49e6-9180-9ec24276c6a0,BEV-001
3fbbeb73-683c-4590-a9c7-b54657a96347,64e9236d-56e3-49e6-9180-9ec24276c6a0,JAF-005
4cd061f4-ea16-4850-81db-9ec703579c9d,64e9236d-56e3-49e6-9180-9ec24276c6a0,JAF-001
2e750043-54c6-4f04-a854-920c75206d11,64e9236d-56e3-49e6-9180-9ec24276c6a0,JAF-003
75d7950c-5321-476f-bcbc-3997865aae3f,64e9236d-56e3-49e6-9180-9ec24276c6a0,JAF-004
80c5e4e5-92de-4e66-86dd-19c59c34a260,e8d34a58-3ced-4774-b1d0-cbcff8d1a452,BEV-005
9f7966b6-e6ae-4791-8c3f-c3e73d676ccd,e8d34a58-3ced-4774-b1d0-cbcff8d1a452,BEV-001
965c218f-6607-4bfd-85b1-f78866fdebac,4e094a8a-d7d7-486f-8e0f-83756b9e7961,BEV-005
3530cec8-676e-4ab7-be71-ac5652dd8b1d,4e094a8a-d7d7-486f-8e0f-83756b9e7961,JAF-004
3bb4617c-3c4e-4dcd-8e36-71b5ad5c9afc,e69bab22-76e3-4ffe-b907-4f1c6d5a8636,BEV-002
248b9100-1a46-4342-9d3d-a73ca84e377d,27ff3f2b-63bc-4a96-a54c-01af7fb21b3d,BEV-003
b6712a12-5d0f-4e52-b0cd-c580a7d6734e,27ff3f2b-63bc-4a96-a54c-01af7fb21b3d,JAF-005
137f79df-5fd2-4097-8e6c-f38af5daad20,5724d46d-b76e-447c-9d33-c16dde1ad4c0,JAF-002
6539156c-3b86-4271-b663-af166ce083a6,5724d46d-b76e-447c-9d33-c16dde1ad4c0,JAF-003
321c8e5c-2821-42ba-8f9b-9e0921338bbc,1d99f6a3-4d31-4c84-a0d4-88cfd92b219e,BEV-004
1a0a02ad-4fdb-4e67-9e06-25794eeed618,1d99f6a3-4d31-4c84-a0d4-88cfd92b219e,JAF-002
91baa9bb-a211-4e5f-aa69-2d5c76980400,1d99f6a3-4d31-4c84-a0d4-88cfd92b219e,JAF-003
9dec5486-cbce-4a71-b524-1086e4564d08,1d99f6a3-4d31-4c84-a0d4-88cfd92b219e,JAF-004
c0ede510-7625-46b9-b80e-58962f997828,fea68a03-1d0f-406d-9a7f-60e604ea050b,BEV-003
87ef8b19-3117-4635-994b-519736a0fa2b,fea68a03-1d0f-406d-9a7f-60e604ea050b,BEV-003
36a2e481-6e34-45cd-a3d8-5d87cd0c09f7,fea68a03-1d0f-406d-9a7f-60e604ea050b,BEV-004
2e009b41-87e2-4ab4-975e-4df7b6c0d9f4,fea68a03-1d0f-406d-9a7f-60e604ea050b,BEV-004
29ab13ec-5af2-49a2-bb1a-97ddf9da326a,fea68a03-1d0f-406d-9a7f-60e604ea050b,JAF-002
7b80b620-ff3b-4f20-9079-adac41016f84,fea68a03-1d0f-406d-9a7f-60e604ea050b,JAF-004
239604de-18d7-4349-a9ae-47063baa0197,fea68a03-1d0f-406d-9a7f-60e604ea050b,JAF-005
fc8af8fc-437a-4aec-ba9c-7eb7c47c09f8,fea68a03-1d0f-406d-9a7f-60e604ea050b,JAF-004
e6e648f4-fbe5-4b99-9e75-2aebfbd12f83,5e26ee60-5715-4cd7-815b-263b68ed30e4,BEV-001
e5ae60b9-6f3d-4604-b153-c12feac4ae45,5e26ee60-5715-4cd7-815b-263b68ed30e4,BEV-005
75959959-9a4e-483d-a724-be5b0f0e4d5e,5e26ee60-5715-4cd7-815b-263b68ed30e4,BEV-002
699e71c7-93b4-4d7c-b5fd-1716d2626a25,8e071f51-2250-4005-8104-413a52f1b60b,BEV-002
d932f0d7-205c-4ed8-adde-be2b519a149b,8e071f51-2250-4005-8104-413a52f1b60b,BEV-005
da23157c-8efa-401f-9454-7a135399f5c7,8e071f51-2250-4005-8104-413a52f1b60b,BEV-005
224fe8c9-9f7d-4287-9513-8c95ad526994,8e071f51-2250-4005-8104-413a52f1b60b,BEV-003
4ff4fe7b-d302-4ea2-9859-1d82d064ac10,8e071f51-2250-4005-8104-413a52f1b60b,JAF-002
90f2a5f2-f707-4438-b6e7-3d4786cc1e71,8e071f51-2250-4005-8104-413a52f1b60b,JAF-002
ef3f6bb5-d225-47e5-89b8-64eb5990831a,8e071f51-2250-4005-8104-413a52f1b60b,JAF-002
91af453a-0ae7-4d57-9274-c26828a9d2ad,8e071f51-2250-4005-8104-413a52f1b60b,JAF-004
2255b62f-39e0-4eb0-b352-b6b42c5b64c0,a30e7d93-b446-423b-a16e-edeb3aeebf32,BEV-003
ae41490c-54d3-43dd-9e8e-dbd3782d25b6,a30e7d93-b446-423b-a16e-edeb3aeebf32,JAF-001
c5e974d6-e7b1-4aa4-a61a-6376f05b6769,dae6dfda-d9ab-498c-b175-156d09114e23,BEV-001
e0e04d48-011d-4595-8f3d-236d8227128f,dae6dfda-d9ab-498c-b175-156d09114e23,JAF-001
7fc729cd-fc01-4c6b-a22b-319507631e5a,dae6dfda-d9ab-498c-b175-156d09114e23,JAF-002
8b49e6b1-1e5b-4684-82e7-ba79c965b7d5,f1a86be3-b01b-450e-b114-564a36c17f7d,BEV-004
993482d1-ef64-4573-a67c-5ad1a8b5925d,f1a86be3-b01b-450e-b114-564a36c17f7d,JAF-004
22d8b6ac-999b-45b6-b4d8-ee89ba622855,745655ba-cc51-4837-b2df-a0d8b4ae7473,JAF-004
faeed6db-1a85-4061-8aa8-f0d5b5a261ee,745655ba-cc51-4837-b2df-a0d8b4ae7473,JAF-003
697230d1-63a6-43dc-b591-aa34c873868b,745655ba-cc51-4837-b2df-a0d8b4ae7473,JAF-001
b9a78f52-520e-414c-96be-ae3ca76aa725,8d6070db-6fc5-4c91-beaf-63c156a4e613,BEV-002
bbb2e353-c851-41e2-a652-306616b20d84,40880c56-4469-4817-a464-e18d6001cc87,BEV-002
caad6572-7a00-4ba6-a7bd-f1027a54f81f,40880c56-4469-4817-a464-e18d6001cc87,BEV-005
47ba38a9-270c-4bd6-843d-85886e49b4c5,40880c56-4469-4817-a464-e18d6001cc87,BEV-004
7023814c-c993-4038-a8c6-3005f465f0fe,40880c56-4469-4817-a464-e18d6001cc87,JAF-003
4ea8cae8-7d6e-47a4-9b7e-aa7118002b5f,8fa3397c-f944-4779-892b-85becc4306f4,BEV-004
aa13c9db-a33e-4fb3-a4ea-b2b90b0df4f9,e3bac39a-ecf5-464e-9db5-3dd148559706,BEV-004
ec32dc13-c5d6-4f80-97db-73e989630f6c,17dc2b24-e8a5-4e7c-83ae-23df1a0ce84b,BEV-005
272471f0-d769-42de-876e-e34e8b0e45f7,17dc2b24-e8a5-4e7c-83ae-23df1a0ce84b,BEV-002
b0a9a48c-5394-4368-a55a-afee22f0cd91,17dc2b24-e8a5-4e7c-83ae-23df1a0ce84b,JAF-002
4e451ef9-4178-4265-b010-1670fb373943,980605e1-8107-4c4e-ba7c-c11fbdb8e4ee,BEV-005
ebd35b8e-4f8d-4874-a7bb-b62045959266,1f63f5e0-6ad5-4529-ac4d-f0149912ba92,BEV-005
b656e467-ba7a-4c4b-857c-3b631143c001,21cda2ea-38ff-4f37-9084-d182cae08620,BEV-005
531f4645-02be-4af5-a805-dc2c8eb12652,bb8fc147-e5e1-48ac-92fe-a66ffc9725ea,BEV-005
67a13fa5-65e7-4caa-95da-01915fc4518a,dd3c6726-6f91-4fa5-bd6f-26395d85daa5,BEV-005
bef424cd-8f51-400c-b658-01dc51e396be,c51fe450-7c83-44d7-ac8e-81d6b1055369,BEV-005
03c0eb7f-8ce0-4756-9f56-64c5218a1dc0,c51fe450-7c83-44d7-ac8e-81d6b1055369,JAF-003
f40ba76e-c694-4533-9444-f88f990f546e,899cd38f-981b-48b7-9410-852d0e6aac7e,BEV-004
f8422225-319a-4e71-82f7-1d5d52ba1dfc,899cd38f-981b-48b7-9410-852d0e6aac7e,BEV-002
27a92b6b-a39f-4dbd-8b68-0472c1fbf651,899cd38f-981b-48b7-9410-852d0e6aac7e,JAF-001
38ecc5b3-73e6-4aa7-b9f4-cbeac77489b1,899cd38f-981b-48b7-9410-852d0e6aac7e,JAF-005
f26b46b0-8ac4-41b9-9c68-274b2ba7876b,270b4755-04cf-4ca7-8262-1792417c1191,BEV-005
bd621a0f-41d1-4dbb-9f43-49476174d91d,98b25ec7-3bf2-4a5c-ba48-ed3c7b50df93,BEV-002
20d99272-2a57-48f7-8393-f1da07b5f3a6,4f02cdd7-3d0d-4907-9ab4-19c736fa3ca7,BEV-001
ee1a46ca-e7c8-490d-a1e7-9fa65fabda95,bc68d98a-67c9-4a22-b43c-226b983c68c9,BEV-004
7702e8b2-621c-4782-a601-5e4606791ba8,1515a167-ae32-4202-892c-e39f8907dff1,BEV-003
d7fba785-5d42-446d-9d95-dafdbbad81b8,1515a167-ae32-4202-892c-e39f8907dff1,BEV-001
21a632dc-8a60-4f0b-93ac-039f89e5449e,07a7706a-44a3-4085-99e1-a5e90cde45f5,BEV-005
ae8558c7-9f89-453b-9a53-389ff176664c,a5c933c0-26d8-4734-9693-0d681cbf72bc,BEV-005
22751cfb-3ad3-4f04-ba94-b2ab9bd3e1a8,e6580187-b3b6-4871-b504-fe5a020976a5,BEV-001
b9c9d441-dca9-4549-9f57-0b3b7857911a,e6580187-b3b6-4871-b504-fe5a020976a5,JAF-003
8c975934-b8d5-4ae1-9e7d-4a163d911600,db1b66ff-f96b-4a76-a09d-7928389211c7,BEV-005
2e656c57-c149-47c5-b0c1-34c30597d3b8,944291af-3a3c-4bc0-814f-b16e9222a43d,BEV-001
313d7c6c-3576-4291-8f10-0859735ff09f,944291af-3a3c-4bc0-814f-b16e9222a43d,BEV-004
e4ff7924-830e-4b24-9f58-3603bff565c9,601fbc98-5eb6-4bcd-b5c9-a87789bdd0df,BEV-004
50ed8ad8-8eb4-4c54-a330-b1ee5ba58cae,601fbc98-5eb6-4bcd-b5c9-a87789bdd0df,BEV-002
66260d68-1df0-4d80-8548-f1140b07829f,601fbc98-5eb6-4bcd-b5c9-a87789bdd0df,BEV-005
43a46623-ee3f-4003-a2a7-4d05d0f10797,601fbc98-5eb6-4bcd-b5c9-a87789bdd0df,JAF-003
8b53b1ad-5a2d-495c-9d15-b5ad2fefd0d3,601fbc98-5eb6-4bcd-b5c9-a87789bdd0df,JAF-001
4d2af26c-11ae-4bc7-a04c-9c32aaf9c1d5,75cdcbb2-22c6-4d38-82ec-0b7c8bbc0453,BEV-004
1f56c9c2-4957-4c22-9821-bea3bd388752,9235c7bb-c2aa-4bdf-8af9-554ebcefbae5,BEV-002
7144b58a-3538-439e-8b88-db40bb844f99,895259f4-f8d1-4b02-b822-d0412afa043d,BEV-001
b5f2026f-4981-4794-bdd1-645fbff49e34,24914fd3-d287-4bc9-851e-304db28c8757,BEV-002
fb31878a-a019-4357-af8e-02d3f9a228b7,937bfab6-bef7-4ddb-bfb7-9e77b311784d,BEV-004
115d5350-cbf6-44a3-9ccc-c45a42b2ec0f,937bfab6-bef7-4ddb-bfb7-9e77b311784d,JAF-002
c1845ee3-b033-4960-af7f-f4c35dbde799,1d0cd109-f2c6-4b0d-a5d3-ea3154bf17d5,BEV-001
1d69bf04-02d8-4a5c-82db-ec4b8a6f88cf,1d0cd109-f2c6-4b0d-a5d3-ea3154bf17d5,JAF-002
3f52c130-8195-49ba-8e65-2ea1c87444a5,1d0cd109-f2c6-4b0d-a5d3-ea3154bf17d5,JAF-003
cfb980d8-f238-43bd-a7a0-864878b59103,1d0cd109-f2c6-4b0d-a5d3-ea3154bf17d5,JAF-001
5a18d8b7-32c1-4190-af35-87a8de52c821,73adde76-a96d-4b9c-9e0f-dca1c056747b,BEV-001
84ffe127-588a-493d-a48b-6da8db30a666,73adde76-a96d-4b9c-9e0f-dca1c056747b,JAF-001
f19865b8-a424-4dcc-8703-98d7abc6cfb3,be054ab7-56aa-42d3-b7d7-7d300a9f2a63,BEV-005
45054638-ff55-4175-9507-a09cd7995ab9,be054ab7-56aa-42d3-b7d7-7d300a9f2a63,BEV-003
2e86fdf9-1700-43f2-9c10-91abadf96fb4,df2ad204-ff73-441b-976c-bde9bed66457,BEV-002
1737f233-03c1-4535-a179-13a5f4b52a95,5fcb9cbe-048b-4b42-960f-c027d55618c7,BEV-005
13404665-6e0d-43fd-965b-601014188d2b,5fcb9cbe-048b-4b42-960f-c027d55618c7,BEV-001
a6b0d124-1bfa-4c95-ab73-9ebceaaccf3a,5fcb9cbe-048b-4b42-960f-c027d55618c7,JAF-002
b4561a41-2c17-40d1-985f-c719ee6d6831,5fcb9cbe-048b-4b42-960f-c027d55618c7,JAF-003
8abc4163-8b33-457b-9202-801dc4200171,ac234041-e415-44ae-83ca-870dfd4af5b7,BEV-002
f0df6d0c-6d68-42de-92c5-1030a755a1c2,ac234041-e415-44ae-83ca-870dfd4af5b7,BEV-001
57c5a171-0749-40c4-bf54-f92ceeb19fc8,5cdf8700-8d1a-40bc-869a-f2bd1a5a4ea4,BEV-003
7e8b257f-07f8-4e56-9e4c-4b24a1787369,c9c0cfb7-590b-4183-9313-59b72a164a7e,BEV-005
a008b9c0-9fde-4b01-b5ac-aec846abff92,c2b8fda6-d5bc-4527-8c58-af88156d2886,BEV-002
5d36ff5c-f01f-439d-a0fe-577fb266d9b8,c2b8fda6-d5bc-4527-8c58-af88156d2886,BEV-004
2c68df69-a34c-4aaf-bee4-4d75f2485932,c2b8fda6-d5bc-4527-8c58-af88156d2886,JAF-005
5fb28988-f82a-4181-acd8-7bebf5e17d0d,35e46485-6225-4a33-ae0e-c05db9961cb1,BEV-005
6ccc4f4c-9d26-4eba-b5d4-4eb9ba72a516,cf5853be-d964-4ebe-88fc-3040a1006f76,BEV-001
a00025f0-aae0-4dba-aa73-a5617d554809,509290ef-0a66-4b3e-88bb-898e891de5fb,BEV-005
70dbe82f-aeb9-477c-b089-3621df92acae,e96f4926-9ae7-4895-959d-b448d851a580,JAF-001
c1bbfac6-ad5d-43e5-afb5-210764ce1220,e96f4926-9ae7-4895-959d-b448d851a580,JAF-003
48524492-4003-483e-8049-1b7d8754ad7a,a0bfb5c6-5120-450b-be97-809e1bf6668b,BEV-001
391ece28-72fa-4570-91d6-facc0612da18,795c8ca1-4942-4ccc-a3a7-27da0afec629,BEV-003
1e1190f8-91c5-4bba-9f5a-99fec7e96a55,6c15ab4f-e98c-488f-a5c7-bfc771ae4091,BEV-003
0ed8606b-0888-487f-b03b-b1131f274019,de4b66f2-f23d-46e4-b461-86ee289d8b06,BEV-001
4d855e45-06a1-48dd-8478-8eb843ead7e9,9c02ccb6-cd5c-47ac-96fb-428a595e8505,JAF-001
eff42468-e3b7-43c0-9b0e-0404a487ff65,9c02ccb6-cd5c-47ac-96fb-428a595e8505,JAF-005
eb58d7d1-afb0-4326-a226-46a1304b587d,e75c9ed2-93ab-43b9-942c-eaa87f26dd1e,BEV-003
72f380bc-ccae-4e66-be05-3c4e6dce462c,b8398685-7b36-412a-a9e8-165f04c1bfef,BEV-005
515604a7-3b8f-42b1-ba87-a7f0db4dd80f,fe4bc7e5-37ca-4b42-a96b-2a9637589304,BEV-005
f11df8ee-b556-441d-bf96-274faa06ced3,fe4bc7e5-37ca-4b42-a96b-2a9637589304,BEV-001
3d725e34-5a32-41ca-ad53-10b8149683f2,fe4bc7e5-37ca-4b42-a96b-2a9637589304,JAF-005
a6c735f1-4aa9-4b7d-8779-a347586bbae8,eab3b193-d3b1-406a-acd9-f329b6409660,BEV-001
31e86e73-6abc-4b9f-b563-49e411289b68,8837c57f-c966-450c-9f93-537e948bdbd6,BEV-004
f4032c68-756c-4499-9b80-232a32d53230,82c6e11f-37cc-45ae-a84a-99c0788c3e5d,BEV-004
891b95ca-9907-4557-955c-01a0cdff8828,cffb83d9-b0e4-4379-8b98-b407066053d0,BEV-001
7ab0c8ec-0eff-4c22-a03a-354bcce6c9a6,8c287928-caef-4105-af8e-499658494074,BEV-002
9ba8d538-53cf-4456-9b7a-3c49bf78463c,8c287928-caef-4105-af8e-499658494074,BEV-004
b274d2fd-9c13-4057-9db1-13982fc3ff59,a0f61f42-cae1-4b72-94a3-25fd54b1d765,BEV-001
fef3c78d-e581-4725-99ab-262a1629c7bb,f4fbce13-b59d-4e3d-b802-58f05553946e,BEV-005
6bee17af-2250-4da3-a38f-e36283d31783,f4fbce13-b59d-4e3d-b802-58f05553946e,BEV-003
2c63bf70-8a04-4a89-98b6-348053089203,ca5b164a-319a-43f3-ad64-e1d9f45df36d,BEV-002
b4c76b8f-bd6f-4b61-8e76-1c4ccb73041c,d05fa9ab-610c-4bdb-bc1f-ddc30fb3fa96,BEV-001
ee80f32d-107e-4829-9539-31595f908b35,94c72ece-d794-4ac9-a9e0-f8d16a0c10ae,BEV-001
ba37b687-8006-4b8d-9252-22bd51a720ab,0e445237-a418-475a-b0c3-0419eab8a8d7,BEV-003
70787485-323e-450c-b539-5094a55476f8,40acb118-0653-496a-a1f3-e284f2e7633b,BEV-001
96078cd6-5cdf-484d-b531-fa4af2698f9e,c01621fa-909d-468a-9767-f29db16476dc,BEV-002
c267fbc0-aa59-427d-8221-13ef31867980,fc3a0f59-9840-4c3c-9157-6281641ddfe1,JAF-001
f07396a4-6f0e-4c3c-ae9e-ffe0ff5d8c7e,fc3a0f59-9840-4c3c-9157-6281641ddfe1,JAF-004
ddf06b59-8d93-49d8-9092-563a697290ed,c9bad725-a82e-44e6-ba95-8cf6e0cae449,BEV-001
89e1755b-9c39-4a26-a6a8-210a9d31a62d,2cbd201e-fb92-4ae9-94ac-c9d394d0f81b,BEV-002
9455c23b-6375-4228-a366-b09d63675eee,e2ab4c62-b912-4993-aa63-ecb0f46a6b46,BEV-002
61313489-4db8-45e3-88e7-adf3109e2840,e2ab4c62-b912-4993-aa63-ecb0f46a6b46,BEV-001
461eb7b6-0b15-4510-a768-00937c1fdaab,fef97196-1fd9-4309-8b4f-f36866535b2c,BEV-005
07e2049e-fb76-4fec-a098-ac403fdaa102,fef97196-1fd9-4309-8b4f-f36866535b2c,BEV-005
aaa3f9de-be02-48e0-adf8-1b55cc726ce0,bcaf01d6-33ed-40b2-802d-e9459aa185af,BEV-002
5c2a91be-be85-4d9c-9974-acf14a1d82af,bcaf01d6-33ed-40b2-802d-e9459aa185af,BEV-005
3243ebf2-a575-4218-ac6a-7bf7e2b5565c,b0a5d9bb-937d-4860-a7c0-d9698d1e69f9,BEV-001
a8ae61b0-545f-4668-8ca1-339912f4ad91,d71fb764-421e-44dd-9cac-70c5dbfa8b31,BEV-002
ed9688f4-80c9-49ba-aa8c-ef18d2dd27e7,d71fb764-421e-44dd-9cac-70c5dbfa8b31,JAF-003
0054474a-bf14-4631-bed6-6520741e0a4e,d71fb764-421e-44dd-9cac-70c5dbfa8b31,JAF-001
cb7234bd-3b1b-4c56-ba94-bb7a8c06bc53,24a8236a-e0c8-4b69-a607-562d9da0b6b3,BEV-005
4c496645-91c5-4f82-aa1e-bffab29a1c30,138b6df9-0e7b-4213-bed2-0df45504eda3,BEV-005
74a59e7e-69df-4a90-be47-4783b7f15a42,138b6df9-0e7b-4213-bed2-0df45504eda3,BEV-003
b90fbc49-72df-4d62-b436-4ccac61c107a,138b6df9-0e7b-4213-bed2-0df45504eda3,JAF-005
7be23b0a-9515-49c9-87bd-d4015641020c,eec8534c-6a2e-416c-8110-f766350dd54f,BEV-002
f62458d6-5df6-4ee9-a26f-7c1bd70a4c28,eec8534c-6a2e-416c-8110-f766350dd54f,BEV-004
6ad6ff80-f848-450f-87f9-3f6e0f9e67b5,eec8534c-6a2e-416c-8110-f766350dd54f,BEV-004
eb36914f-a85e-458d-9fc8-2d8b37eadeb3,eec8534c-6a2e-416c-8110-f766350dd54f,JAF-004
29f5e370-0c0f-44ce-af8c-439ad64aa844,eec8534c-6a2e-416c-8110-f766350dd54f,JAF-004
be4a27d5-78b3-4a8d-9cb1-f2a4cc95b2f3,1bc0e5aa-337f-4e8f-a3bf-6504c66139f2,BEV-002
0954de24-126a-4cf4-82cd-8444bb574a04,19eaa539-47ba-42ed-831a-af7a55878838,BEV-003
a35f709d-dac7-4470-84b6-e465f4c525f5,538f775a-aa7a-4188-beb3-5cfc943b5db5,BEV-005
17a3ee12-77a0-4220-b5a4-f96c99bc49a5,1b3c4069-c5c3-4943-86a8-f56724a45910,BEV-005
3ca0b8ab-9fdf-4679-8b90-e81178455e8c,0761a76d-46f6-4089-a1f0-b07ddb010ee5,BEV-004
659c1833-ddd7-4f03-986e-7ca478b67df4,7739a326-6b84-4207-8f1a-91038a79d400,BEV-005
443e7d04-5034-4490-850c-f1e4a41d537f,dc6f4a5d-ffcf-4424-a19e-fd183b2de2d2,BEV-005
f2f8c867-016f-42a3-aae1-a03d0fd495db,dc6f4a5d-ffcf-4424-a19e-fd183b2de2d2,JAF-004
be09e85d-cdc3-4fb4-905b-2a98e3c76b8e,7db4129d-cd9d-4169-8599-c35377c7dc09,BEV-004
98079a6c-9ed0-4eb9-b206-2505b0259b72,2ed54a48-29b8-4965-babf-b450efe0fd66,BEV-005
681c0730-113f-4f43-b5ce-e9baf890616f,f145d757-936c-4f56-9c08-cba9a8350c54,BEV-004
3c004c60-2564-4a6e-b9bb-5d3ba5bbbf86,f145d757-936c-4f56-9c08-cba9a8350c54,BEV-004
e4498643-a352-4ef3-bfcb-1952a757c5cd,f145d757-936c-4f56-9c08-cba9a8350c54,JAF-004
ce28c435-a265-4984-b3fe-c0f88f02f5f4,f145d757-936c-4f56-9c08-cba9a8350c54,JAF-004
e8949e08-8ca8-40a6-9202-8321e963860a,46013f5a-af69-44a3-841f-7684b18feeb7,BEV-001
1d3a48ca-93ec-4f4f-ab29-5eae5a465b97,d4e263fe-7adc-4719-bd63-1f5b0cfafe0f,BEV-002
acf407ef-0fc3-47fc-b2ec-84418d570be8,e9f29e80-e7c4-4e19-8973-503deff30255,BEV-004
1955fc5c-2569-4c6b-9aa0-59936a1ba6b2,9a4ae13e-10bc-4b5c-9866-5b1725e0cca6,BEV-002
05624e9d-e907-4c00-92da-e7ba111ac1e4,9a4ae13e-10bc-4b5c-9866-5b1725e0cca6,BEV-004
d15e40b6-4d5a-43d3-aa78-8af58a40f192,9a4ae13e-10bc-4b5c-9866-5b1725e0cca6,JAF-004
a8319e75-aebc-4a45-95e1-d35958ab9f9a,18253ab4-79cc-47b2-820c-e2e70b57876d,BEV-003
6efcba43-323c-4f9b-8437-0f1ec8d5dcc0,18253ab4-79cc-47b2-820c-e2e70b57876d,BEV-005
73d78e96-9e99-444e-80e1-fec19bee346a,18253ab4-79cc-47b2-820c-e2e70b57876d,BEV-004
1ad70f98-6827-4888-932e-948864daad49,c457b8bb-8f49-4795-ade6-3f3d01807fbc,BEV-004
7ab40c51-5a95-48f8-bf15-306a9840aea6,02fd27ea-f244-4b01-a4a0-6d0dd29b88d0,BEV-004
2980d183-de71-4519-a51f-bac22c0282d8,02fd27ea-f244-4b01-a4a0-6d0dd29b88d0,JAF-004
0c7a5e81-474f-49e4-9677-36c50b58ee7c,0daf12d2-6e5f-4ee4-9064-7d93f75e021d,JAF-003
f0b00f2b-84ca-4376-8e96-94b051235a76,8f6661d7-ee31-4672-9989-b93dde6c34a4,BEV-003
8edfe2aa-9cf7-43b1-9ff7-1e6f1f6c2259,17c2d4c5-0b18-40bb-bc5e-52097653bafe,BEV-003
e9f1c2c4-691e-4395-b7b3-f18f31a185f8,cb96d7da-fe65-47d9-a3aa-ee60c503ac89,BEV-005
579ba939-159b-4e1a-bfbf-451f3c8709bd,cb96d7da-fe65-47d9-a3aa-ee60c503ac89,BEV-004
5b9779aa-cb50-4880-9612-92a351708c58,99115785-b10a-4dcf-8d2d-5bb1b6b8177d,BEV-005
59df9802-0ad3-44dd-8b62-f569fe7dd655,cbefff9f-bb6b-4399-bdbb-50d6016ecbac,BEV-001
dc27f54d-42bf-451b-b843-41cf26606fb8,cbefff9f-bb6b-4399-bdbb-50d6016ecbac,JAF-004
791c02e5-6de5-4702-99a3-875db9e5f168,8ee74769-0cde-4266-9ba9-c88ba8b980f4,BEV-002
d97627a8-d8c5-4511-a637-cdeb4ed1b228,90a75df7-f78b-4694-a9c5-df28de926fef,BEV-004
feb3c973-8732-42e4-802f-0b0fe75ebd6a,d1a4e34b-14b0-4a7c-a4b1-ce6fc015eba2,BEV-003
b465d74a-7db3-4aa9-aec5-39258eb22a92,e96fddd8-0957-4097-a68b-28c0b4d4945b,BEV-001
3d538fbe-7181-4400-9200-cd19f640b63d,e96fddd8-0957-4097-a68b-28c0b4d4945b,JAF-001
932ea4f3-8c20-45b7-9176-8723e996088a,181c6676-76fa-4fda-aa2d-009476817bfe,BEV-003
57d76df2-7c44-4026-b9bd-ee578c2e711e,c8b341e4-198b-4a7a-bc96-9498da7f99f3,BEV-001
e6733f6a-3630-463b-895b-9d75f2df6dfe,64369e9a-1b68-481e-b101-2642cd6d6cd4,BEV-001
7d7b8aa8-f11e-40c3-be3c-3d245d8850ce,64369e9a-1b68-481e-b101-2642cd6d6cd4,BEV-001
b19910a1-e3c7-482c-8346-b388c50477ce,b82804ff-29f5-480f-a426-5ccde888492e,BEV-003
960e64d9-e444-4715-99c8-854deee605a9,4fa31981-3e02-48cf-94fe-bf27a827d458,BEV-003
35925f3f-9c6e-4bcd-8d90-895847acc478,9f3c477f-eed8-4017-b34c-443474fc365b,BEV-003
b09fc391-0dcd-430e-b22e-f5899842f946,977bb254-6f11-438a-bf7d-ff9c694e409f,BEV-001
464a0eb3-9791-42b6-bdcd-9df74e5a7edd,977bb254-6f11-438a-bf7d-ff9c694e409f,BEV-004
de16402c-5fb7-4f90-9756-3e655cc0de1c,af038dd8-b939-49a8-8d7d-d6640162e2ec,BEV-001
1fb47e3a-da7e-4b36-b776-c7b4c562c3da,af038dd8-b939-49a8-8d7d-d6640162e2ec,BEV-005
e65b82b8-deda-4231-87df-28cfa4efccd4,316b80e4-b883-40a2-b9c2-321a11c56caf,BEV-005
ac972acb-2f52-4328-b62c-e735051c1b8d,b391575d-91a0-44da-bed9-4abfaf99bc0b,BEV-003